insert into user_account (user_id, user_password, email, nickname, memo, created_at, created_by, modified_at, modified_by) values ('honey1', '{noop}pw1', 'cobington0@pagesperso-orange.fr', 'Nicolette', 'Ricardo García Posada Airport', '2023-01-18 19:12:10', 'Rudie', '2022-12-28 09:47:06', 'Collen');
insert into user_account (user_id, user_password, email, nickname, memo, created_at, created_by, modified_at, modified_by) values ('honey2', '{noop}pw2', 'jtrase1@msu.edu', 'Rachel', 'Ulsan Airport', '2022-11-29 17:01:33', 'Martha', '2022-06-12 21:52:50', 'Joell');
insert into user_account (user_id, user_password, email, nickname, memo, created_at, created_by, modified_at, modified_by) values ('honey3', '{noop}pw3', 'cpinniger2@sourceforge.net', 'Dee', 'Dera Ismael Khan Airport', '2022-08-16 21:02:31', 'Bobbye', '2022-06-02 23:52:07', 'Cello');
insert into user_account (user_id, user_password, email, nickname, memo, created_at, created_by, modified_at, modified_by) values ('honey4', '{noop}pw4', 'scarlozzi3@amazon.co.jp', 'Carla', 'Bursa Airport', '2022-07-21 13:04:41', 'Boony', '2023-01-08 21:13:19', 'Stanislaus');
insert into user_account (user_id, user_password, email, nickname, memo, created_at, created_by, modified_at, modified_by) values ('honey5', '{noop}pw5', 'jiacovelli4@cbsnews.com', 'Suellen', 'North Central State Airport', '2022-10-21 18:40:13', 'Richmond', '2023-03-12 03:57:05', 'Jamie');
insert into article (user_id, title, content, hashtag, created_at, modified_at, created_by, modified_by) values ('honey4', 'Unholy Rollers, The', 'Praesent id massa id nisl venenatis lacinia. Aenean sit amet justo. Morbi ut odio. Cras mi pede, malesuada in, imperdiet et, commodo vulputate, justo.', 'Goldenrod', '2023-02-06 10:11:32', '2022-11-29 05:04:48', 'Allx', 'Jimmie');
insert into article (user_id, title, content, hashtag, created_at, modified_at, created_by, modified_by) values ('honey4', 'Ghostmaker, The (Box of Shadows)', 'Fusce congue, diam id ornare imperdiet, sapien urna pretium nisl, ut volutpat sapien arcu sed augue. Aliquam erat volutpat. In congue. Etiam justo.', 'Red', '2023-01-22 06:35:28', '2022-09-18 05:22:04', 'Helenka', 'Catrina');
insert into article (user_id, title, content, hashtag, created_at, modified_at, created_by, modified_by) values ('honey1', 'Death Wish 5: The Face of Death', 'Morbi porttitor lorem id ligula. Suspendisse ornare consequat lectus. In est risus, auctor sed, tristique in, tempus sit amet, sem. Fusce consequat. Nulla nisl. Nunc nisl.', 'Aquamarine', '2022-08-19 14:36:37', '2023-02-10 00:49:55', 'Eolanda', 'Maryanna');
insert into article (user_id, title, content, hashtag, created_at, modified_at, created_by, modified_by) values ('honey1', 'American Roulette', 'Maecenas tincidunt lacus at velit. Vivamus vel nulla eget eros elementum pellentesque.', 'Aquamarine', '2022-06-19 07:06:13', '2023-04-23 02:28:14', 'Ferne', 'Elmira');
insert into article (user_id, title, content, hashtag, created_at, modified_at, created_by, modified_by) values ('honey4', 'Blow', 'In tempor, turpis nec euismod scelerisque, quam turpis adipiscing lorem, vitae mattis nibh ligula nec sem. Duis aliquam convallis nunc. Proin at turpis a pede posuere nonummy. Integer non velit.', 'Blue', '2022-07-20 02:32:39', '2022-12-01 06:41:42', 'Odell', 'Gloria');
insert into article (user_id, title, content, hashtag, created_at, modified_at, created_by, modified_by) values ('honey2', 'John Rabe', 'Curabitur convallis. Duis consequat dui nec nisi volutpat eleifend. Donec ut dolor. Morbi vel lectus in quam fringilla rhoncus.', 'Turquoise', '2023-02-10 00:37:28', '2022-10-05 21:42:18', 'Gino', 'Dalt');
insert into article (user_id, title, content, hashtag, created_at, modified_at, created_by, modified_by) values ('honey5', 'Vacancy', 'Proin eu mi. Nulla ac enim. In tempor, turpis nec euismod scelerisque, quam turpis adipiscing lorem, vitae mattis nibh ligula nec sem. Duis aliquam convallis nunc. Proin at turpis a pede posuere nonummy. Integer non velit. Donec diam neque, vestibulum eget, vulputate ut, ultrices vel, augue. Vestibulum ante ipsum primis in faucibus orci luctus et ultrices posuere cubilia Curae; Donec pharetra, magna vestibulum aliquet ultrices, erat tortor sollicitudin mi, sit amet lobortis sapien sapien non mi. Integer ac neque. Duis bibendum.', 'Teal', '2023-04-20 10:00:29', '2022-07-05 11:23:08', 'Samantha', 'Cordie');
insert into article (user_id, title, content, hashtag, created_at, modified_at, created_by, modified_by) values ('honey1', 'Stereo', 'Maecenas tristique, est et tempus semper, est quam pharetra magna, ac consequat metus sapien ut nunc. Vestibulum ante ipsum primis in faucibus orci luctus et ultrices posuere cubilia Curae; Mauris viverra diam vitae quam. Suspendisse potenti. Nullam porttitor lacus at turpis. Donec posuere metus vitae ipsum. Aliquam non mauris. Morbi non lectus. Aliquam sit amet diam in magna bibendum imperdiet. Nullam orci pede, venenatis non, sodales sed, tincidunt eu, felis. Fusce posuere felis sed lacus.', 'Orange', '2022-11-27 15:19:58', '2023-02-15 03:21:00', 'Astrid', 'Bondy');
insert into article (user_id, title, content, hashtag, created_at, modified_at, created_by, modified_by) values ('honey2', 'Something Wicked This Way Comes', 'Vestibulum ac est lacinia nisi venenatis tristique. Fusce congue, diam id ornare imperdiet, sapien urna pretium nisl, ut volutpat sapien arcu sed augue. Aliquam erat volutpat. In congue.', 'Khaki', '2022-10-09 20:05:33', '2022-07-26 03:42:53', 'Evered', 'Boothe');
insert into article (user_id, title, content, hashtag, created_at, modified_at, created_by, modified_by) values ('honey1', 'A.C.O.D.', 'Mauris lacinia sapien quis libero. Nullam sit amet turpis elementum ligula vehicula consequat. Morbi a ipsum. Integer a nibh. In quis justo. Maecenas rhoncus aliquam lacus.', 'Violet', '2022-06-26 21:33:50', '2022-06-23 09:17:42', 'Chrystel', 'Kristopher');
insert into article (user_id, title, content, hashtag, created_at, modified_at, created_by, modified_by) values ('honey1', 'Blade Runner', 'Donec ut mauris eget massa tempor convallis. Nulla neque libero, convallis eget, eleifend luctus, ultricies eu, nibh. Quisque id justo sit amet sapien dignissim vestibulum. Vestibulum ante ipsum primis in faucibus orci luctus et ultrices posuere cubilia Curae; Nulla dapibus dolor vel est. Donec odio justo, sollicitudin ut, suscipit a, feugiat et, eros. Vestibulum ac est lacinia nisi venenatis tristique. Fusce congue, diam id ornare imperdiet, sapien urna pretium nisl, ut volutpat sapien arcu sed augue. Aliquam erat volutpat. In congue. Etiam justo.', 'Turquoise', '2023-04-05 07:41:00', '2022-08-20 01:00:45', 'Cobbie', 'Sven');
insert into article (user_id, title, content, hashtag, created_at, modified_at, created_by, modified_by) values ('honey4', 'Baton Rouge (Bâton rouge)', 'Proin at turpis a pede posuere nonummy. Integer non velit. Donec diam neque, vestibulum eget, vulputate ut, ultrices vel, augue. Vestibulum ante ipsum primis in faucibus orci luctus et ultrices posuere cubilia Curae; Donec pharetra, magna vestibulum aliquet ultrices, erat tortor sollicitudin mi, sit amet lobortis sapien sapien non mi. Integer ac neque. Duis bibendum.', 'Red', '2023-02-11 17:35:27', '2022-10-09 11:51:11', 'Read', 'Maybelle');
insert into article (user_id, title, content, hashtag, created_at, modified_at, created_by, modified_by) values ('honey5', 'You Will Meet a Tall Dark Stranger', 'Nulla neque libero, convallis eget, eleifend luctus, ultricies eu, nibh. Quisque id justo sit amet sapien dignissim vestibulum.', 'Khaki', '2023-02-18 19:35:36', '2022-09-04 08:31:36', 'Kahlil', 'Jess');
insert into article (user_id, title, content, hashtag, created_at, modified_at, created_by, modified_by) values ('honey2', 'The Missouri Breaks', 'Suspendisse potenti. In eleifend quam a odio.', 'Turquoise', '2022-08-19 04:11:39', '2023-01-25 18:24:24', 'Adrian', 'Cherye');
insert into article (user_id, title, content, hashtag, created_at, modified_at, created_by, modified_by) values ('honey1', 'Ninja Cheerleaders', 'Curabitur convallis. Duis consequat dui nec nisi volutpat eleifend. Donec ut dolor. Morbi vel lectus in quam fringilla rhoncus. Mauris enim leo, rhoncus sed, vestibulum sit amet, cursus id, turpis. Integer aliquet, massa id lobortis convallis, tortor risus dapibus augue, vel accumsan tellus nisi eu orci. Mauris lacinia sapien quis libero. Nullam sit amet turpis elementum ligula vehicula consequat. Morbi a ipsum. Integer a nibh.', 'Blue', '2023-01-09 09:11:00', '2023-02-17 05:59:31', 'Victor', 'Ferrel');
insert into article (user_id, title, content, hashtag, created_at, modified_at, created_by, modified_by) values ('honey1', 'Woodsman, The', 'Donec posuere metus vitae ipsum. Aliquam non mauris. Morbi non lectus. Aliquam sit amet diam in magna bibendum imperdiet. Nullam orci pede, venenatis non, sodales sed, tincidunt eu, felis. Fusce posuere felis sed lacus. Morbi sem mauris, laoreet ut, rhoncus aliquet, pulvinar sed, nisl. Nunc rhoncus dui vel sem.', 'Khaki', '2023-02-05 23:17:36', '2023-03-26 13:11:40', 'Robbin', 'Rochella');
insert into article (user_id, title, content, hashtag, created_at, modified_at, created_by, modified_by) values ('honey5', 'Marius', 'Mauris enim leo, rhoncus sed, vestibulum sit amet, cursus id, turpis. Integer aliquet, massa id lobortis convallis, tortor risus dapibus augue, vel accumsan tellus nisi eu orci. Mauris lacinia sapien quis libero. Nullam sit amet turpis elementum ligula vehicula consequat. Morbi a ipsum. Integer a nibh. In quis justo. Maecenas rhoncus aliquam lacus.', 'Red', '2022-05-22 22:30:28', '2023-03-01 09:36:35', 'Abe', 'Daphna');
insert into article (user_id, title, content, hashtag, created_at, modified_at, created_by, modified_by) values ('honey1', 'People in Places', 'In blandit ultrices enim. Lorem ipsum dolor sit amet, consectetuer adipiscing elit. Proin interdum mauris non ligula pellentesque ultrices. Phasellus id sapien in sapien iaculis congue. Vivamus metus arcu, adipiscing molestie, hendrerit at, vulputate vitae, nisl. Aenean lectus. Pellentesque eget nunc.', 'Purple', '2022-08-07 16:27:25', '2022-04-29 08:00:53', 'Donn', 'Lelia');
insert into article (user_id, title, content, hashtag, created_at, modified_at, created_by, modified_by) values ('honey3', 'Wrestling Queens', 'Quisque ut erat. Curabitur gravida nisi at nibh. In hac habitasse platea dictumst. Aliquam augue quam, sollicitudin vitae, consectetuer eget, rutrum at, lorem. Integer tincidunt ante vel ipsum. Praesent blandit lacinia erat. Vestibulum sed magna at nunc commodo placerat. Praesent blandit. Nam nulla. Integer pede justo, lacinia eget, tincidunt eget, tempus vel, pede.', 'Orange', '2022-08-29 07:06:16', '2022-10-06 19:58:59', 'Petronilla', 'Nicoline');
insert into article (user_id, title, content, hashtag, created_at, modified_at, created_by, modified_by) values ('honey4', 'Campus Radio', 'Phasellus in felis. Donec semper sapien a libero. Nam dui. Proin leo odio, porttitor id, consequat in, consequat ut, nulla. Sed accumsan felis. Ut at dolor quis odio consequat varius. Integer ac leo. Pellentesque ultrices mattis odio.', 'Turquoise', '2022-10-27 21:01:10', '2022-06-07 21:50:22', 'Bing', 'Germaine');
insert into article (user_id, title, content, hashtag, created_at, modified_at, created_by, modified_by) values ('honey3', 'Ballad of the Sad Cafe, The', 'Phasellus sit amet erat. Nulla tempus. Vivamus in felis eu sapien cursus vestibulum. Proin eu mi.', 'Goldenrod', '2023-03-04 15:22:12', '2022-09-21 12:48:41', 'Margie', 'Josey');
insert into article (user_id, title, content, hashtag, created_at, modified_at, created_by, modified_by) values ('honey4', 'Love and Anarchy (Film d''amore e d''anarchia, ovvero ''stamattina alle 10 in via dei Fiori nella nota casa di tolleranza...'')', 'Maecenas rhoncus aliquam lacus. Morbi quis tortor id nulla ultrices aliquet. Maecenas leo odio, condimentum id, luctus nec, molestie sed, justo. Pellentesque viverra pede ac diam.', 'Green', '2022-11-15 20:51:34', '2023-03-24 16:07:27', 'Gaspar', 'Florri');
insert into article (user_id, title, content, hashtag, created_at, modified_at, created_by, modified_by) values ('honey2', 'Lonesome Jim', 'Vivamus tortor. Duis mattis egestas metus. Aenean fermentum. Donec ut mauris eget massa tempor convallis.', 'Violet', '2023-03-06 03:18:01', '2022-09-14 11:57:17', 'Michele', 'Neila');
insert into article (user_id, title, content, hashtag, created_at, modified_at, created_by, modified_by) values ('honey3', 'Game of Death', 'Vivamus tortor. Duis mattis egestas metus. Aenean fermentum. Donec ut mauris eget massa tempor convallis. Nulla neque libero, convallis eget, eleifend luctus, ultricies eu, nibh. Quisque id justo sit amet sapien dignissim vestibulum. Vestibulum ante ipsum primis in faucibus orci luctus et ultrices posuere cubilia Curae; Nulla dapibus dolor vel est.', 'Khaki', '2023-01-14 20:58:46', '2023-03-13 21:19:12', 'Margery', 'Harmonie');
insert into article (user_id, title, content, hashtag, created_at, modified_at, created_by, modified_by) values ('honey5', 'City of No Limits, The (la ciudad sin límites, En)', 'Donec quis orci eget orci vehicula condimentum. Curabitur in libero ut massa volutpat convallis. Morbi odio odio, elementum eu, interdum eu, tincidunt in, leo.', 'Indigo', '2023-03-04 22:43:02', '2023-02-24 06:29:35', 'Phyllys', 'Eryn');
insert into article (user_id, title, content, hashtag, created_at, modified_at, created_by, modified_by) values ('honey5', 'Chloe', 'Nulla neque libero, convallis eget, eleifend luctus, ultricies eu, nibh. Quisque id justo sit amet sapien dignissim vestibulum. Vestibulum ante ipsum primis in faucibus orci luctus et ultrices posuere cubilia Curae; Nulla dapibus dolor vel est. Donec odio justo, sollicitudin ut, suscipit a, feugiat et, eros.', 'Mauv', '2023-02-15 11:29:18', '2023-02-19 13:18:02', 'Kit', 'Flss');
insert into article (user_id, title, content, hashtag, created_at, modified_at, created_by, modified_by) values ('honey3', 'Plastic', 'Morbi vel lectus in quam fringilla rhoncus. Mauris enim leo, rhoncus sed, vestibulum sit amet, cursus id, turpis.', 'Fuscia', '2022-11-30 21:25:45', '2023-02-07 00:14:51', 'Yurik', 'Judah');
insert into article (user_id, title, content, hashtag, created_at, modified_at, created_by, modified_by) values ('honey3', 'BURN-E', 'Cum sociis natoque penatibus et magnis dis parturient montes, nascetur ridiculus mus.', 'Red', '2023-04-01 12:41:17', '2022-05-18 02:26:31', 'Gerianne', 'Jessi');
insert into article (user_id, title, content, hashtag, created_at, modified_at, created_by, modified_by) values ('honey4', 'Terminator Salvation', 'Fusce consequat. Nulla nisl. Nunc nisl. Duis bibendum, felis sed interdum venenatis, turpis enim blandit mi, in porttitor pede justo eu massa. Donec dapibus. Duis at velit eu est congue elementum. In hac habitasse platea dictumst. Morbi vestibulum, velit id pretium iaculis, diam erat fermentum justo, nec condimentum neque sapien placerat ante. Nulla justo. Aliquam quis turpis eget elit sodales scelerisque.', 'Purple', '2022-06-21 02:58:54', '2023-01-23 10:24:05', 'Holly-anne', 'Seline');
insert into article (user_id, title, content, hashtag, created_at, modified_at, created_by, modified_by) values ('honey2', 'Timerider: The Adventure of Lyle Swann', 'In hac habitasse platea dictumst. Etiam faucibus cursus urna. Ut tellus. Nulla ut erat id mauris vulputate elementum. Nullam varius. Nulla facilisi.', 'Indigo', '2023-02-12 00:35:25', '2022-04-25 17:54:34', 'Almeria', 'Thornie');
insert into article (user_id, title, content, hashtag, created_at, modified_at, created_by, modified_by) values ('honey4', 'White Shadows in the South Seas', 'In tempor, turpis nec euismod scelerisque, quam turpis adipiscing lorem, vitae mattis nibh ligula nec sem. Duis aliquam convallis nunc. Proin at turpis a pede posuere nonummy. Integer non velit. Donec diam neque, vestibulum eget, vulputate ut, ultrices vel, augue. Vestibulum ante ipsum primis in faucibus orci luctus et ultrices posuere cubilia Curae; Donec pharetra, magna vestibulum aliquet ultrices, erat tortor sollicitudin mi, sit amet lobortis sapien sapien non mi.', 'Yellow', '2022-07-29 00:41:39', '2023-04-02 12:57:11', 'Maxi', 'Reed');
insert into article (user_id, title, content, hashtag, created_at, modified_at, created_by, modified_by) values ('honey2', 'Girl, The (Flickan)', 'Duis mattis egestas metus. Aenean fermentum. Donec ut mauris eget massa tempor convallis. Nulla neque libero, convallis eget, eleifend luctus, ultricies eu, nibh.', 'Aquamarine', '2023-01-14 07:05:41', '2023-03-30 08:21:47', 'Welby', 'Barny');
insert into article (user_id, title, content, hashtag, created_at, modified_at, created_by, modified_by) values ('honey1', 'Rat Race', 'Maecenas rhoncus aliquam lacus. Morbi quis tortor id nulla ultrices aliquet. Maecenas leo odio, condimentum id, luctus nec, molestie sed, justo. Pellentesque viverra pede ac diam. Cras pellentesque volutpat dui. Maecenas tristique, est et tempus semper, est quam pharetra magna, ac consequat metus sapien ut nunc. Vestibulum ante ipsum primis in faucibus orci luctus et ultrices posuere cubilia Curae; Mauris viverra diam vitae quam. Suspendisse potenti.', 'Mauv', '2023-04-06 09:36:11', '2023-04-06 07:45:12', 'Wilt', 'Douglass');
insert into article (user_id, title, content, hashtag, created_at, modified_at, created_by, modified_by) values ('honey1', 'Tonight and Every Night', 'Praesent id massa id nisl venenatis lacinia. Aenean sit amet justo. Morbi ut odio. Cras mi pede, malesuada in, imperdiet et, commodo vulputate, justo. In blandit ultrices enim.', 'Khaki', '2022-05-22 00:54:55', '2022-10-25 18:55:49', 'Drake', 'Neala');
insert into article (user_id, title, content, hashtag, created_at, modified_at, created_by, modified_by) values ('honey4', 'Left Behind: The Movie', 'In est risus, auctor sed, tristique in, tempus sit amet, sem. Fusce consequat. Nulla nisl. Nunc nisl. Duis bibendum, felis sed interdum venenatis, turpis enim blandit mi, in porttitor pede justo eu massa. Donec dapibus. Duis at velit eu est congue elementum. In hac habitasse platea dictumst. Morbi vestibulum, velit id pretium iaculis, diam erat fermentum justo, nec condimentum neque sapien placerat ante.', 'Goldenrod', '2023-02-28 19:19:05', '2022-07-07 22:39:50', 'Gabby', 'Ash');
insert into article (user_id, title, content, hashtag, created_at, modified_at, created_by, modified_by) values ('honey4', 'Wackness, The', 'Aliquam erat volutpat. In congue. Etiam justo.', 'Crimson', '2022-12-27 12:42:01', '2023-03-31 00:59:02', 'Katharina', 'Analise');
insert into article (user_id, title, content, hashtag, created_at, modified_at, created_by, modified_by) values ('honey1', 'Landscape with a Woman (Zena s krajolikom)', 'Maecenas pulvinar lobortis est. Phasellus sit amet erat. Nulla tempus.', 'Maroon', '2022-10-22 16:14:37', '2022-05-24 00:38:07', 'Gayel', 'Hannis');
insert into article (user_id, title, content, hashtag, created_at, modified_at, created_by, modified_by) values ('honey2', 'Ramona and Beezus', 'Proin interdum mauris non ligula pellentesque ultrices. Phasellus id sapien in sapien iaculis congue. Vivamus metus arcu, adipiscing molestie, hendrerit at, vulputate vitae, nisl. Aenean lectus. Pellentesque eget nunc. Donec quis orci eget orci vehicula condimentum. Curabitur in libero ut massa volutpat convallis. Morbi odio odio, elementum eu, interdum eu, tincidunt in, leo. Maecenas pulvinar lobortis est. Phasellus sit amet erat.', 'Red', '2022-10-18 15:18:14', '2023-03-01 23:08:17', 'Tybi', 'Dottie');
insert into article (user_id, title, content, hashtag, created_at, modified_at, created_by, modified_by) values ('honey2', 'Shadow People', 'Suspendisse potenti. Cras in purus eu magna vulputate luctus. Cum sociis natoque penatibus et magnis dis parturient montes, nascetur ridiculus mus. Vivamus vestibulum sagittis sapien. Cum sociis natoque penatibus et magnis dis parturient montes, nascetur ridiculus mus. Etiam vel augue. Vestibulum rutrum rutrum neque. Aenean auctor gravida sem. Praesent id massa id nisl venenatis lacinia. Aenean sit amet justo.', 'Crimson', '2022-09-25 07:43:14', '2023-03-01 18:31:54', 'Stephenie', 'Damian');
insert into article (user_id, title, content, hashtag, created_at, modified_at, created_by, modified_by) values ('honey5', 'Plankton', 'Donec odio justo, sollicitudin ut, suscipit a, feugiat et, eros. Vestibulum ac est lacinia nisi venenatis tristique. Fusce congue, diam id ornare imperdiet, sapien urna pretium nisl, ut volutpat sapien arcu sed augue.', 'Aquamarine', '2023-02-18 10:26:58', '2022-04-29 17:59:03', 'Cassandre', 'Constantine');
insert into article (user_id, title, content, hashtag, created_at, modified_at, created_by, modified_by) values ('honey5', 'Batman', 'Donec dapibus. Duis at velit eu est congue elementum. In hac habitasse platea dictumst. Morbi vestibulum, velit id pretium iaculis, diam erat fermentum justo, nec condimentum neque sapien placerat ante. Nulla justo. Aliquam quis turpis eget elit sodales scelerisque. Mauris sit amet eros. Suspendisse accumsan tortor quis turpis. Sed ante.', 'Fuscia', '2023-01-18 03:53:14', '2023-04-08 09:50:25', 'Sheelah', 'Cassi');
insert into article (user_id, title, content, hashtag, created_at, modified_at, created_by, modified_by) values ('honey1', 'Best Men', 'In hac habitasse platea dictumst.', 'Aquamarine', '2023-01-02 01:27:37', '2022-11-26 06:03:40', 'Ivy', 'Devin');
insert into article (user_id, title, content, hashtag, created_at, modified_at, created_by, modified_by) values ('honey5', 'Gasht-e ershad', 'Suspendisse potenti. In eleifend quam a odio. In hac habitasse platea dictumst. Maecenas ut massa quis augue luctus tincidunt. Nulla mollis molestie lorem. Quisque ut erat. Curabitur gravida nisi at nibh. In hac habitasse platea dictumst. Aliquam augue quam, sollicitudin vitae, consectetuer eget, rutrum at, lorem. Integer tincidunt ante vel ipsum.', 'Mauv', '2022-07-14 10:48:57', '2022-08-29 11:05:28', 'Alex', 'Annie');
insert into article (user_id, title, content, hashtag, created_at, modified_at, created_by, modified_by) values ('honey5', 'Kite Runner, The', 'Nulla neque libero, convallis eget, eleifend luctus, ultricies eu, nibh. Quisque id justo sit amet sapien dignissim vestibulum. Vestibulum ante ipsum primis in faucibus orci luctus et ultrices posuere cubilia Curae; Nulla dapibus dolor vel est. Donec odio justo, sollicitudin ut, suscipit a, feugiat et, eros. Vestibulum ac est lacinia nisi venenatis tristique. Fusce congue, diam id ornare imperdiet, sapien urna pretium nisl, ut volutpat sapien arcu sed augue. Aliquam erat volutpat. In congue. Etiam justo. Etiam pretium iaculis justo.', 'Crimson', '2022-05-25 13:22:09', '2023-02-20 15:09:52', 'Dolorita', 'Mellisa');
insert into article (user_id, title, content, hashtag, created_at, modified_at, created_by, modified_by) values ('honey3', 'Densha otoko (Train Man)', 'Maecenas pulvinar lobortis est. Phasellus sit amet erat. Nulla tempus. Vivamus in felis eu sapien cursus vestibulum.', 'Mauv', '2022-09-20 21:05:27', '2022-09-14 03:34:13', 'Doria', 'Curr');
insert into article (user_id, title, content, hashtag, created_at, modified_at, created_by, modified_by) values ('honey3', 'Sound of Music, The', 'Suspendisse potenti. In eleifend quam a odio. In hac habitasse platea dictumst. Maecenas ut massa quis augue luctus tincidunt. Nulla mollis molestie lorem. Quisque ut erat.', 'Maroon', '2023-01-04 14:34:36', '2022-09-02 03:01:32', 'Dietrich', 'Krystle');
insert into article (user_id, title, content, hashtag, created_at, modified_at, created_by, modified_by) values ('honey4', 'I Got Next', 'Vestibulum ac est lacinia nisi venenatis tristique. Fusce congue, diam id ornare imperdiet, sapien urna pretium nisl, ut volutpat sapien arcu sed augue. Aliquam erat volutpat. In congue. Etiam justo.', 'Indigo', '2022-07-24 06:17:21', '2022-07-12 23:13:13', 'Matthiew', 'Eustacia');
insert into article (user_id, title, content, hashtag, created_at, modified_at, created_by, modified_by) values ('honey5', 'Scary Movie 4', 'Donec posuere metus vitae ipsum. Aliquam non mauris. Morbi non lectus. Aliquam sit amet diam in magna bibendum imperdiet. Nullam orci pede, venenatis non, sodales sed, tincidunt eu, felis.', 'Violet', '2022-04-28 01:01:37', '2022-12-26 14:11:18', 'Celinka', 'Emlyn');
insert into article (user_id, title, content, hashtag, created_at, modified_at, created_by, modified_by) values ('honey5', 'Great Santini, The', 'Aliquam augue quam, sollicitudin vitae, consectetuer eget, rutrum at, lorem. Integer tincidunt ante vel ipsum. Praesent blandit lacinia erat. Vestibulum sed magna at nunc commodo placerat.', 'Goldenrod', '2022-08-26 15:27:27', '2022-11-03 09:50:14', 'Josefa', 'Berget');
insert into article (user_id, title, content, hashtag, created_at, modified_at, created_by, modified_by) values ('honey4', 'Bad Girls Go To Hell', 'Donec ut dolor. Morbi vel lectus in quam fringilla rhoncus. Mauris enim leo, rhoncus sed, vestibulum sit amet, cursus id, turpis. Integer aliquet, massa id lobortis convallis, tortor risus dapibus augue, vel accumsan tellus nisi eu orci. Mauris lacinia sapien quis libero. Nullam sit amet turpis elementum ligula vehicula consequat. Morbi a ipsum. Integer a nibh. In quis justo. Maecenas rhoncus aliquam lacus.', 'Teal', '2022-12-12 05:02:53', '2023-03-27 03:50:03', 'Keelia', 'Jennifer');
insert into article (user_id, title, content, hashtag, created_at, modified_at, created_by, modified_by) values ('honey4', 'True Romance', 'Vestibulum quam sapien, varius ut, blandit non, interdum in, ante. Vestibulum ante ipsum primis in faucibus orci luctus et ultrices posuere cubilia Curae; Duis faucibus accumsan odio. Curabitur convallis. Duis consequat dui nec nisi volutpat eleifend. Donec ut dolor. Morbi vel lectus in quam fringilla rhoncus. Mauris enim leo, rhoncus sed, vestibulum sit amet, cursus id, turpis. Integer aliquet, massa id lobortis convallis, tortor risus dapibus augue, vel accumsan tellus nisi eu orci.', 'Mauv', '2023-01-20 06:20:58', '2022-11-18 10:14:19', 'Everett', 'Eldridge');
insert into article (user_id, title, content, hashtag, created_at, modified_at, created_by, modified_by) values ('honey1', 'Strange Case of the End of Civilization as We Know It, The', 'Quisque erat eros, viverra eget, congue eget, semper rutrum, nulla. Nunc purus. Phasellus in felis. Donec semper sapien a libero.', 'Purple', '2022-10-24 17:58:48', '2023-03-10 11:30:19', 'Darin', 'Finley');
insert into article (user_id, title, content, hashtag, created_at, modified_at, created_by, modified_by) values ('honey5', 'Matinée', 'Cras non velit nec nisi vulputate nonummy. Maecenas tincidunt lacus at velit. Vivamus vel nulla eget eros elementum pellentesque. Quisque porta volutpat erat. Quisque erat eros, viverra eget, congue eget, semper rutrum, nulla.', 'Khaki', '2022-09-01 03:01:10', '2022-08-04 05:42:11', 'Imelda', 'Ardelle');
insert into article (user_id, title, content, hashtag, created_at, modified_at, created_by, modified_by) values ('honey1', 'Deadline', 'Praesent id massa id nisl venenatis lacinia. Aenean sit amet justo. Morbi ut odio. Cras mi pede, malesuada in, imperdiet et, commodo vulputate, justo.', 'Indigo', '2022-11-08 21:15:57', '2022-10-19 03:14:33', 'Kelvin', 'Donelle');
insert into article (user_id, title, content, hashtag, created_at, modified_at, created_by, modified_by) values ('honey5', 'Meet the Applegates', 'Ut tellus. Nulla ut erat id mauris vulputate elementum. Nullam varius. Nulla facilisi. Cras non velit nec nisi vulputate nonummy. Maecenas tincidunt lacus at velit. Vivamus vel nulla eget eros elementum pellentesque. Quisque porta volutpat erat.', 'Crimson', '2022-05-06 06:01:05', '2023-02-21 15:36:15', 'Lorilyn', 'Kelsi');
insert into article (user_id, title, content, hashtag, created_at, modified_at, created_by, modified_by) values ('honey3', 'Dirty Girl', 'Aenean lectus. Pellentesque eget nunc.', 'Purple', '2022-12-28 16:25:11', '2022-10-20 06:16:00', 'Brandtr', 'Phelia');
insert into article (user_id, title, content, hashtag, created_at, modified_at, created_by, modified_by) values ('honey1', 'Arn: The Knight Templar (Arn - Tempelriddaren)', 'Morbi ut odio. Cras mi pede, malesuada in, imperdiet et, commodo vulputate, justo. In blandit ultrices enim. Lorem ipsum dolor sit amet, consectetuer adipiscing elit. Proin interdum mauris non ligula pellentesque ultrices. Phasellus id sapien in sapien iaculis congue. Vivamus metus arcu, adipiscing molestie, hendrerit at, vulputate vitae, nisl. Aenean lectus. Pellentesque eget nunc. Donec quis orci eget orci vehicula condimentum.', 'Blue', '2022-07-30 01:08:52', '2022-10-29 13:16:38', 'Timothee', 'Haskel');
insert into article (user_id, title, content, hashtag, created_at, modified_at, created_by, modified_by) values ('honey1', 'Friend of the Deceased, A (Priyatel pokonika)', 'Integer tincidunt ante vel ipsum. Praesent blandit lacinia erat. Vestibulum sed magna at nunc commodo placerat. Praesent blandit.', 'Mauv', '2022-07-18 10:39:09', '2022-07-15 04:19:16', 'Aeriela', 'Thibaut');
insert into article (user_id, title, content, hashtag, created_at, modified_at, created_by, modified_by) values ('honey5', 'Distant Thunder (Ashani Sanket)', 'Morbi quis tortor id nulla ultrices aliquet. Maecenas leo odio, condimentum id, luctus nec, molestie sed, justo.', 'Turquoise', '2022-10-03 10:26:51', '2022-11-12 14:31:26', 'Gilberte', 'Cariotta');
insert into article (user_id, title, content, hashtag, created_at, modified_at, created_by, modified_by) values ('honey1', 'Lucia', 'Nulla facilisi. Cras non velit nec nisi vulputate nonummy. Maecenas tincidunt lacus at velit. Vivamus vel nulla eget eros elementum pellentesque. Quisque porta volutpat erat. Quisque erat eros, viverra eget, congue eget, semper rutrum, nulla. Nunc purus. Phasellus in felis. Donec semper sapien a libero.', 'Crimson', '2022-05-25 14:24:31', '2022-10-26 08:42:26', 'Deloris', 'Thornie');
insert into article (user_id, title, content, hashtag, created_at, modified_at, created_by, modified_by) values ('honey4', 'Pavilion of Women', 'Lorem ipsum dolor sit amet, consectetuer adipiscing elit. Proin risus. Praesent lectus.', 'Red', '2022-11-15 20:42:00', '2022-11-08 04:00:50', 'Bud', 'Greg');
insert into article (user_id, title, content, hashtag, created_at, modified_at, created_by, modified_by) values ('honey1', 'Chicago', 'In quis justo. Maecenas rhoncus aliquam lacus. Morbi quis tortor id nulla ultrices aliquet. Maecenas leo odio, condimentum id, luctus nec, molestie sed, justo. Pellentesque viverra pede ac diam.', 'Fuscia', '2022-05-17 02:51:24', '2023-03-27 10:59:04', 'Jermaine', 'Alfred');
insert into article (user_id, title, content, hashtag, created_at, modified_at, created_by, modified_by) values ('honey2', 'Elfie Hopkins: Cannibal Hunter', 'Nulla nisl. Nunc nisl. Duis bibendum, felis sed interdum venenatis, turpis enim blandit mi, in porttitor pede justo eu massa.', 'Turquoise', '2022-06-11 11:28:57', '2022-06-17 15:14:34', 'Jamima', 'Peirce');
insert into article (user_id, title, content, hashtag, created_at, modified_at, created_by, modified_by) values ('honey5', 'Bad Words', 'Fusce consequat. Nulla nisl. Nunc nisl. Duis bibendum, felis sed interdum venenatis, turpis enim blandit mi, in porttitor pede justo eu massa. Donec dapibus. Duis at velit eu est congue elementum. In hac habitasse platea dictumst. Morbi vestibulum, velit id pretium iaculis, diam erat fermentum justo, nec condimentum neque sapien placerat ante.', 'Blue', '2022-05-28 03:17:08', '2022-09-01 00:10:40', 'Emmalynn', 'Gerek');
insert into article (user_id, title, content, hashtag, created_at, modified_at, created_by, modified_by) values ('honey1', 'Second in Command', 'Nulla mollis molestie lorem. Quisque ut erat. Curabitur gravida nisi at nibh. In hac habitasse platea dictumst. Aliquam augue quam, sollicitudin vitae, consectetuer eget, rutrum at, lorem.', 'Teal', '2022-09-07 00:39:11', '2022-11-01 20:52:33', 'Elane', 'Sid');
insert into article (user_id, title, content, hashtag, created_at, modified_at, created_by, modified_by) values ('honey2', 'Samurai Spy (Ibun Sarutobi Sasuke)', 'Pellentesque ultrices mattis odio. Donec vitae nisi. Nam ultrices, libero non mattis pulvinar, nulla pede ullamcorper augue, a suscipit nulla elit ac nulla. Sed vel enim sit amet nunc viverra dapibus. Nulla suscipit ligula in lacus. Curabitur at ipsum ac tellus semper interdum. Mauris ullamcorper purus sit amet nulla. Quisque arcu libero, rutrum ac, lobortis vel, dapibus at, diam. Nam tristique tortor eu pede.', 'Orange', '2022-11-15 13:34:37', '2023-04-05 15:58:01', 'Adora', 'Juli');
insert into article (user_id, title, content, hashtag, created_at, modified_at, created_by, modified_by) values ('honey3', 'Adventures of Priscilla, Queen of the Desert, The', 'Quisque id justo sit amet sapien dignissim vestibulum. Vestibulum ante ipsum primis in faucibus orci luctus et ultrices posuere cubilia Curae; Nulla dapibus dolor vel est. Donec odio justo, sollicitudin ut, suscipit a, feugiat et, eros. Vestibulum ac est lacinia nisi venenatis tristique. Fusce congue, diam id ornare imperdiet, sapien urna pretium nisl, ut volutpat sapien arcu sed augue. Aliquam erat volutpat. In congue. Etiam justo. Etiam pretium iaculis justo.', 'Aquamarine', '2023-04-07 01:34:55', '2022-12-07 01:51:50', 'Obadias', 'Rudie');
insert into article (user_id, title, content, hashtag, created_at, modified_at, created_by, modified_by) values ('honey5', 'Young Americans, The', 'Vestibulum ante ipsum primis in faucibus orci luctus et ultrices posuere cubilia Curae; Donec pharetra, magna vestibulum aliquet ultrices, erat tortor sollicitudin mi, sit amet lobortis sapien sapien non mi. Integer ac neque. Duis bibendum. Morbi non quam nec dui luctus rutrum. Nulla tellus.', 'Fuscia', '2023-02-04 10:49:31', '2023-01-08 10:36:40', 'Cristy', 'Dee dee');
insert into article (user_id, title, content, hashtag, created_at, modified_at, created_by, modified_by) values ('honey3', 'In Eagle Shadow Fist (Ding tian li di) (Fist of Anger)', 'Pellentesque viverra pede ac diam.', 'Maroon', '2022-06-23 09:14:17', '2022-10-27 10:35:48', 'Steffi', 'Clarence');
insert into article (user_id, title, content, hashtag, created_at, modified_at, created_by, modified_by) values ('honey2', 'American Dream, An', 'Cras in purus eu magna vulputate luctus.', 'Violet', '2022-05-13 02:50:14', '2023-04-09 04:29:12', 'Charmain', 'Inge');
insert into article (user_id, title, content, hashtag, created_at, modified_at, created_by, modified_by) values ('honey4', 'God of Cookery (Sik san)', 'Donec dapibus. Duis at velit eu est congue elementum. In hac habitasse platea dictumst.', 'Green', '2023-01-15 11:52:04', '2022-06-24 15:19:30', 'Gardener', 'Skylar');
insert into article (user_id, title, content, hashtag, created_at, modified_at, created_by, modified_by) values ('honey2', 'Hype!', 'Aenean auctor gravida sem. Praesent id massa id nisl venenatis lacinia. Aenean sit amet justo. Morbi ut odio. Cras mi pede, malesuada in, imperdiet et, commodo vulputate, justo. In blandit ultrices enim. Lorem ipsum dolor sit amet, consectetuer adipiscing elit.', 'Fuscia', '2022-12-06 05:17:57', '2022-06-04 17:05:25', 'Kip', 'Cordell');
insert into article (user_id, title, content, hashtag, created_at, modified_at, created_by, modified_by) values ('honey5', 'Castle, The (Das Schloß)', 'In blandit ultrices enim. Lorem ipsum dolor sit amet, consectetuer adipiscing elit. Proin interdum mauris non ligula pellentesque ultrices. Phasellus id sapien in sapien iaculis congue. Vivamus metus arcu, adipiscing molestie, hendrerit at, vulputate vitae, nisl. Aenean lectus. Pellentesque eget nunc.', 'Green', '2022-07-01 21:52:57', '2023-03-27 16:10:01', 'Ive', 'Catie');
insert into article (user_id, title, content, hashtag, created_at, modified_at, created_by, modified_by) values ('honey2', 'Arranged', 'Cras mi pede, malesuada in, imperdiet et, commodo vulputate, justo. In blandit ultrices enim. Lorem ipsum dolor sit amet, consectetuer adipiscing elit. Proin interdum mauris non ligula pellentesque ultrices. Phasellus id sapien in sapien iaculis congue. Vivamus metus arcu, adipiscing molestie, hendrerit at, vulputate vitae, nisl. Aenean lectus. Pellentesque eget nunc.', 'Green', '2022-05-23 17:51:05', '2022-11-10 06:24:46', 'Cindra', 'Selia');
insert into article (user_id, title, content, hashtag, created_at, modified_at, created_by, modified_by) values ('honey5', 'Liberty', 'Phasellus sit amet erat. Nulla tempus. Vivamus in felis eu sapien cursus vestibulum.', 'Purple', '2023-02-05 20:47:09', '2022-12-09 15:53:04', 'Suzy', 'Matthieu');
insert into article (user_id, title, content, hashtag, created_at, modified_at, created_by, modified_by) values ('honey5', 'Ugly Duckling and Me!, The', 'Fusce consequat. Nulla nisl. Nunc nisl.', 'Violet', '2022-08-12 15:01:58', '2022-10-29 01:40:19', 'Siffre', 'Benjie');
insert into article (user_id, title, content, hashtag, created_at, modified_at, created_by, modified_by) values ('honey2', 'Story of Science, The', 'Morbi quis tortor id nulla ultrices aliquet. Maecenas leo odio, condimentum id, luctus nec, molestie sed, justo. Pellentesque viverra pede ac diam.', 'Pink', '2023-02-04 05:30:58', '2022-09-05 19:56:04', 'Freida', 'Kale');
insert into article (user_id, title, content, hashtag, created_at, modified_at, created_by, modified_by) values ('honey2', 'Mallrats', 'Nulla ut erat id mauris vulputate elementum. Nullam varius. Nulla facilisi. Cras non velit nec nisi vulputate nonummy.', 'Indigo', '2022-09-12 07:22:58', '2022-06-15 13:28:44', 'Alameda', 'Stanwood');
insert into article (user_id, title, content, hashtag, created_at, modified_at, created_by, modified_by) values ('honey2', 'Destiny in Space', 'Duis bibendum. Morbi non quam nec dui luctus rutrum. Nulla tellus. In sagittis dui vel nisl. Duis ac nibh. Fusce lacus purus, aliquet at, feugiat non, pretium quis, lectus. Suspendisse potenti. In eleifend quam a odio. In hac habitasse platea dictumst. Maecenas ut massa quis augue luctus tincidunt.', 'Goldenrod', '2022-08-28 20:52:34', '2022-04-26 21:05:12', 'Darlleen', 'Donielle');
insert into article (user_id, title, content, hashtag, created_at, modified_at, created_by, modified_by) values ('honey4', 'Sundown', 'Suspendisse potenti. Cras in purus eu magna vulputate luctus. Cum sociis natoque penatibus et magnis dis parturient montes, nascetur ridiculus mus. Vivamus vestibulum sagittis sapien. Cum sociis natoque penatibus et magnis dis parturient montes, nascetur ridiculus mus. Etiam vel augue. Vestibulum rutrum rutrum neque. Aenean auctor gravida sem. Praesent id massa id nisl venenatis lacinia.', 'Maroon', '2023-01-31 14:39:42', '2023-01-13 00:43:54', 'Nannette', 'Anselma');
insert into article (user_id, title, content, hashtag, created_at, modified_at, created_by, modified_by) values ('honey3', 'Fay Grim', 'Curabitur in libero ut massa volutpat convallis. Morbi odio odio, elementum eu, interdum eu, tincidunt in, leo. Maecenas pulvinar lobortis est. Phasellus sit amet erat. Nulla tempus. Vivamus in felis eu sapien cursus vestibulum. Proin eu mi. Nulla ac enim. In tempor, turpis nec euismod scelerisque, quam turpis adipiscing lorem, vitae mattis nibh ligula nec sem. Duis aliquam convallis nunc.', 'Mauv', '2022-05-28 15:11:36', '2023-01-25 18:57:45', 'Talyah', 'Fayth');
insert into article (user_id, title, content, hashtag, created_at, modified_at, created_by, modified_by) values ('honey5', 'Broadway Danny Rose', 'Curabitur convallis. Duis consequat dui nec nisi volutpat eleifend. Donec ut dolor. Morbi vel lectus in quam fringilla rhoncus. Mauris enim leo, rhoncus sed, vestibulum sit amet, cursus id, turpis. Integer aliquet, massa id lobortis convallis, tortor risus dapibus augue, vel accumsan tellus nisi eu orci.', 'Red', '2022-08-17 12:37:17', '2022-06-27 15:47:31', 'Filippa', 'Oriana');
insert into article (user_id, title, content, hashtag, created_at, modified_at, created_by, modified_by) values ('honey5', 'Abbott and Costello Meet Captain Kidd', 'Aliquam non mauris. Morbi non lectus. Aliquam sit amet diam in magna bibendum imperdiet. Nullam orci pede, venenatis non, sodales sed, tincidunt eu, felis. Fusce posuere felis sed lacus. Morbi sem mauris, laoreet ut, rhoncus aliquet, pulvinar sed, nisl. Nunc rhoncus dui vel sem.', 'Indigo', '2022-09-05 00:01:18', '2022-09-06 19:50:44', 'Koral', 'Andonis');
insert into article (user_id, title, content, hashtag, created_at, modified_at, created_by, modified_by) values ('honey1', 'Porgy and Bess', 'Aliquam augue quam, sollicitudin vitae, consectetuer eget, rutrum at, lorem. Integer tincidunt ante vel ipsum. Praesent blandit lacinia erat. Vestibulum sed magna at nunc commodo placerat.', 'Teal', '2022-10-20 07:30:05', '2022-08-16 17:50:46', 'Kath', 'Janenna');
insert into article (user_id, title, content, hashtag, created_at, modified_at, created_by, modified_by) values ('honey2', 'Speedway Junky', 'Aenean lectus. Pellentesque eget nunc. Donec quis orci eget orci vehicula condimentum.', 'Mauv', '2022-12-16 14:29:47', '2022-07-29 05:24:38', 'Rafferty', 'Row');
insert into article (user_id, title, content, hashtag, created_at, modified_at, created_by, modified_by) values ('honey2', 'Bomber', 'Sed accumsan felis. Ut at dolor quis odio consequat varius.', 'Blue', '2022-12-06 01:13:28', '2022-08-20 16:06:17', 'Taryn', 'Lucius');
insert into article (user_id, title, content, hashtag, created_at, modified_at, created_by, modified_by) values ('honey2', 'Wind Chill', 'Nulla mollis molestie lorem. Quisque ut erat. Curabitur gravida nisi at nibh. In hac habitasse platea dictumst.', 'Turquoise', '2022-07-14 16:12:01', '2022-05-28 07:32:37', 'Burt', 'Randee');
insert into article (user_id, title, content, hashtag, created_at, modified_at, created_by, modified_by) values ('honey1', 'Love Don''t Cost a Thing', 'Cras non velit nec nisi vulputate nonummy. Maecenas tincidunt lacus at velit. Vivamus vel nulla eget eros elementum pellentesque.', 'Mauv', '2022-05-03 23:28:04', '2022-05-24 02:46:00', 'Dene', 'Cecile');
insert into article (user_id, title, content, hashtag, created_at, modified_at, created_by, modified_by) values ('honey1', 'Romeo Is Bleeding', 'In quis justo. Maecenas rhoncus aliquam lacus. Morbi quis tortor id nulla ultrices aliquet.', 'Khaki', '2022-11-24 05:39:45', '2022-04-26 15:15:49', 'Abbye', 'Faustina');
insert into article (user_id, title, content, hashtag, created_at, modified_at, created_by, modified_by) values ('honey3', 'Rogue', 'Vivamus vel nulla eget eros elementum pellentesque. Quisque porta volutpat erat. Quisque erat eros, viverra eget, congue eget, semper rutrum, nulla. Nunc purus. Phasellus in felis. Donec semper sapien a libero. Nam dui. Proin leo odio, porttitor id, consequat in, consequat ut, nulla. Sed accumsan felis.', 'Fuscia', '2022-12-05 05:41:39', '2022-10-03 05:41:52', 'Alessandra', 'Jay');
insert into article (user_id, title, content, hashtag, created_at, modified_at, created_by, modified_by) values ('honey3', 'Carnival of Souls', 'Nam congue, risus semper porta volutpat, quam pede lobortis ligula, sit amet eleifend pede libero quis orci. Nullam molestie nibh in lectus. Pellentesque at nulla. Suspendisse potenti. Cras in purus eu magna vulputate luctus. Cum sociis natoque penatibus et magnis dis parturient montes, nascetur ridiculus mus. Vivamus vestibulum sagittis sapien. Cum sociis natoque penatibus et magnis dis parturient montes, nascetur ridiculus mus.', 'Turquoise', '2022-06-20 10:49:37', '2023-01-06 07:51:31', 'Gleda', 'Booth');
insert into article (user_id, title, content, hashtag, created_at, modified_at, created_by, modified_by) values ('honey5', 'American Dreamz', 'In hac habitasse platea dictumst. Etiam faucibus cursus urna. Ut tellus. Nulla ut erat id mauris vulputate elementum.', 'Yellow', '2023-02-24 04:12:16', '2022-06-11 15:51:06', 'Hewie', 'Martha');
insert into article (user_id, title, content, hashtag, created_at, modified_at, created_by, modified_by) values ('honey5', 'No Mercy (Yongseoneun Eupda)', 'Nulla justo. Aliquam quis turpis eget elit sodales scelerisque. Mauris sit amet eros. Suspendisse accumsan tortor quis turpis. Sed ante.', 'Orange', '2022-05-20 13:34:40', '2023-02-10 20:34:54', 'Noam', 'Henry');
insert into article (user_id, title, content, hashtag, created_at, modified_at, created_by, modified_by) values ('honey2', 'Big Hangover, The', 'Aenean sit amet justo.', 'Turquoise', '2022-09-12 02:15:50', '2022-12-31 02:45:48', 'Edik', 'Dillie');
insert into article (user_id, title, content, hashtag, created_at, modified_at, created_by, modified_by) values ('honey5', 'Ghidorah, the Three-Headed Monster (San daikaijû: Chikyû saidai no kessen)', 'Praesent blandit lacinia erat. Vestibulum sed magna at nunc commodo placerat. Praesent blandit.', 'Blue', '2023-02-17 03:08:36', '2022-12-21 17:38:55', 'Eddy', 'Franklyn');
insert into article (user_id, title, content, hashtag, created_at, modified_at, created_by, modified_by) values ('honey3', 'Glenn, the Flying Robot', 'In eleifend quam a odio. In hac habitasse platea dictumst. Maecenas ut massa quis augue luctus tincidunt. Nulla mollis molestie lorem. Quisque ut erat. Curabitur gravida nisi at nibh.', 'Teal', '2022-07-20 14:11:06', '2022-05-27 14:08:54', 'Perla', 'Berky');
insert into article (user_id, title, content, hashtag, created_at, modified_at, created_by, modified_by) values ('honey4', 'Dude, Where''s My Car?', 'Duis mattis egestas metus. Aenean fermentum. Donec ut mauris eget massa tempor convallis. Nulla neque libero, convallis eget, eleifend luctus, ultricies eu, nibh. Quisque id justo sit amet sapien dignissim vestibulum. Vestibulum ante ipsum primis in faucibus orci luctus et ultrices posuere cubilia Curae; Nulla dapibus dolor vel est. Donec odio justo, sollicitudin ut, suscipit a, feugiat et, eros.', 'Pink', '2022-10-09 05:48:28', '2022-09-03 05:54:47', 'Christi', 'Antonetta');
insert into article (user_id, title, content, hashtag, created_at, modified_at, created_by, modified_by) values ('honey2', 'Manakamana', 'Duis mattis egestas metus. Aenean fermentum. Donec ut mauris eget massa tempor convallis. Nulla neque libero, convallis eget, eleifend luctus, ultricies eu, nibh. Quisque id justo sit amet sapien dignissim vestibulum. Vestibulum ante ipsum primis in faucibus orci luctus et ultrices posuere cubilia Curae; Nulla dapibus dolor vel est. Donec odio justo, sollicitudin ut, suscipit a, feugiat et, eros. Vestibulum ac est lacinia nisi venenatis tristique. Fusce congue, diam id ornare imperdiet, sapien urna pretium nisl, ut volutpat sapien arcu sed augue. Aliquam erat volutpat.', 'Red', '2022-05-17 01:17:23', '2022-04-29 15:53:27', 'Killy', 'Reeba');
insert into article (user_id, title, content, hashtag, created_at, modified_at, created_by, modified_by) values ('honey4', 'Confessions of a Teenage Drama Queen', 'Aliquam quis turpis eget elit sodales scelerisque. Mauris sit amet eros. Suspendisse accumsan tortor quis turpis. Sed ante.', 'Indigo', '2022-07-10 16:41:49', '2023-03-15 00:05:29', 'Mella', 'Ashil');
insert into article (user_id, title, content, hashtag, created_at, modified_at, created_by, modified_by) values ('honey5', 'Playmobil: The Secret of Pirate Island', 'Proin leo odio, porttitor id, consequat in, consequat ut, nulla. Sed accumsan felis.', 'Fuscia', '2023-02-22 12:28:49', '2023-03-24 19:18:03', 'Monty', 'Nap');
insert into article_comment (article_id, user_id, content, created_at, modified_at, created_by, modified_by) values (9, 'honey3', 'Sed sagittis.', '2022-05-09 09:40:33', '2022-08-28 12:21:26', 'Aldis', 'Joyce');
insert into article_comment (article_id, user_id, content, created_at, modified_at, created_by, modified_by) values (33, 'honey4', 'Integer non velit.', '2022-06-15 18:50:12', '2022-08-31 08:20:03', 'Ann-marie', 'Ernest');
insert into article_comment (article_id, user_id, content, created_at, modified_at, created_by, modified_by) values (76, 'honey4', 'Aliquam sit amet diam in magna bibendum imperdiet. Nullam orci pede, venenatis non, sodales sed, tincidunt eu, felis.', '2022-06-09 13:25:35', '2023-04-22 01:39:40', 'Laverna', 'Aveline');
insert into article_comment (article_id, user_id, content, created_at, modified_at, created_by, modified_by) values (45, 'honey1', 'Phasellus sit amet erat. Nulla tempus.', '2023-04-09 11:01:02', '2022-07-09 04:02:55', 'Ealasaid', 'Bartolemo');
insert into article_comment (article_id, user_id, content, created_at, modified_at, created_by, modified_by) values (61, 'honey5', 'Integer ac leo. Pellentesque ultrices mattis odio.', '2023-04-16 00:02:13', '2022-06-18 21:54:05', 'Bryce', 'Wrennie');
insert into article_comment (article_id, user_id, content, created_at, modified_at, created_by, modified_by) values (90, 'honey1', 'Mauris lacinia sapien quis libero.', '2023-02-02 14:31:38', '2023-04-21 00:41:33', 'Sharona', 'Idaline');
insert into article_comment (article_id, user_id, content, created_at, modified_at, created_by, modified_by) values (77, 'honey1', 'Etiam justo.', '2023-03-24 04:42:04', '2022-04-25 01:03:41', 'Phyllys', 'Marthe');
insert into article_comment (article_id, user_id, content, created_at, modified_at, created_by, modified_by) values (94, 'honey4', 'Cras in purus eu magna vulputate luctus.', '2023-01-12 01:26:11', '2023-02-18 01:07:26', 'Andriette', 'Siana');
insert into article_comment (article_id, user_id, content, created_at, modified_at, created_by, modified_by) values (84, 'honey3', 'Duis mattis egestas metus. Aenean fermentum.', '2023-04-11 13:14:42', '2023-03-17 04:52:02', 'Werner', 'Bernadene');
insert into article_comment (article_id, user_id, content, created_at, modified_at, created_by, modified_by) values (87, 'honey3', 'In blandit ultrices enim.', '2022-07-17 23:02:07', '2022-09-22 17:51:09', 'Rina', 'Beilul');
insert into article_comment (article_id, user_id, content, created_at, modified_at, created_by, modified_by) values (47, 'honey1', 'Nam congue, risus semper porta volutpat, quam pede lobortis ligula, sit amet eleifend pede libero quis orci. Nullam molestie nibh in lectus.', '2022-12-13 19:47:42', '2022-08-19 08:21:15', 'Kevyn', 'Valentin');
insert into article_comment (article_id, user_id, content, created_at, modified_at, created_by, modified_by) values (2, 'honey2', 'Aliquam quis turpis eget elit sodales scelerisque.', '2022-09-15 12:08:00', '2022-12-19 21:53:35', 'Dodie', 'Alina');
insert into article_comment (article_id, user_id, content, created_at, modified_at, created_by, modified_by) values (16, 'honey1', 'Mauris sit amet eros.', '2022-06-08 04:43:30', '2023-01-12 04:35:11', 'Korella', 'Leone');
insert into article_comment (article_id, user_id, content, created_at, modified_at, created_by, modified_by) values (8, 'honey2', 'Vivamus vel nulla eget eros elementum pellentesque. Quisque porta volutpat erat.', '2022-10-17 15:29:40', '2022-07-02 15:54:53', 'Cello', 'Celesta');
insert into article_comment (article_id, user_id, content, created_at, modified_at, created_by, modified_by) values (95, 'honey4', 'Pellentesque viverra pede ac diam.', '2023-04-05 15:55:25', '2022-11-19 10:25:38', 'Wyndham', 'Kriste');
insert into article_comment (article_id, user_id, content, created_at, modified_at, created_by, modified_by) values (72, 'honey5', 'Nulla mollis molestie lorem. Quisque ut erat.', '2022-06-01 09:24:11', '2023-03-24 04:10:57', 'Valentijn', 'Claiborn');
insert into article_comment (article_id, user_id, content, created_at, modified_at, created_by, modified_by) values (35, 'honey2', 'Phasellus in felis.', '2022-08-21 08:56:45', '2022-04-25 19:37:18', 'Ashley', 'Hillary');
insert into article_comment (article_id, user_id, content, created_at, modified_at, created_by, modified_by) values (13, 'honey4', 'Cras in purus eu magna vulputate luctus.', '2023-04-09 03:51:58', '2022-10-26 10:53:35', 'Billye', 'Wally');
insert into article_comment (article_id, user_id, content, created_at, modified_at, created_by, modified_by) values (76, 'honey1', 'Aliquam quis turpis eget elit sodales scelerisque.', '2022-05-02 00:43:06', '2023-02-23 14:08:40', 'Derek', 'Alexandros');
insert into article_comment (article_id, user_id, content, created_at, modified_at, created_by, modified_by) values (13, 'honey2', 'Sed vel enim sit amet nunc viverra dapibus. Nulla suscipit ligula in lacus.', '2023-02-02 04:35:19', '2022-07-11 17:11:17', 'Dede', 'Margret');
insert into article_comment (article_id, user_id, content, created_at, modified_at, created_by, modified_by) values (36, 'honey3', 'Nullam orci pede, venenatis non, sodales sed, tincidunt eu, felis. Fusce posuere felis sed lacus.', '2022-06-03 21:27:59', '2022-08-23 16:12:33', 'Sherye', 'Larina');
insert into article_comment (article_id, user_id, content, created_at, modified_at, created_by, modified_by) values (36, 'honey5', 'Proin interdum mauris non ligula pellentesque ultrices. Phasellus id sapien in sapien iaculis congue.', '2022-10-15 01:59:50', '2022-06-16 11:18:44', 'Mora', 'Verina');
insert into article_comment (article_id, user_id, content, created_at, modified_at, created_by, modified_by) values (99, 'honey5', 'Phasellus id sapien in sapien iaculis congue. Vivamus metus arcu, adipiscing molestie, hendrerit at, vulputate vitae, nisl.', '2022-07-05 09:21:59', '2022-11-19 07:32:53', 'Orrin', 'Jaime');
insert into article_comment (article_id, user_id, content, created_at, modified_at, created_by, modified_by) values (93, 'honey2', 'Etiam vel augue.', '2022-11-18 00:44:38', '2022-05-10 07:55:50', 'Garnet', 'Rafa');
insert into article_comment (article_id, user_id, content, created_at, modified_at, created_by, modified_by) values (56, 'honey3', 'Proin at turpis a pede posuere nonummy.', '2022-08-22 20:08:47', '2023-04-10 06:17:54', 'Cobbie', 'Teodoor');
insert into article_comment (article_id, user_id, content, created_at, modified_at, created_by, modified_by) values (17, 'honey4', 'Morbi a ipsum. Integer a nibh.', '2023-03-24 15:57:14', '2022-11-12 02:16:16', 'Rod', 'Wendie');
insert into article_comment (article_id, user_id, content, created_at, modified_at, created_by, modified_by) values (45, 'honey4', 'Nulla ac enim. In tempor, turpis nec euismod scelerisque, quam turpis adipiscing lorem, vitae mattis nibh ligula nec sem.', '2022-11-21 17:29:39', '2022-05-14 13:52:26', 'Ibrahim', 'Caterina');
insert into article_comment (article_id, user_id, content, created_at, modified_at, created_by, modified_by) values (49, 'honey5', 'Nulla nisl. Nunc nisl.', '2023-01-01 23:42:48', '2022-11-03 09:31:51', 'Benny', 'Bryna');
insert into article_comment (article_id, user_id, content, created_at, modified_at, created_by, modified_by) values (70, 'honey3', 'Morbi vel lectus in quam fringilla rhoncus. Mauris enim leo, rhoncus sed, vestibulum sit amet, cursus id, turpis.', '2022-05-31 21:53:55', '2022-09-24 05:44:42', 'Shaine', 'Martino');
insert into article_comment (article_id, user_id, content, created_at, modified_at, created_by, modified_by) values (1, 'honey5', 'Nullam molestie nibh in lectus. Pellentesque at nulla.', '2022-05-30 11:32:10', '2023-03-12 00:13:08', 'Krispin', 'Gennifer');
insert into article_comment (article_id, user_id, content, created_at, modified_at, created_by, modified_by) values (14, 'honey4', 'Vestibulum ante ipsum primis in faucibus orci luctus et ultrices posuere cubilia Curae; Duis faucibus accumsan odio.', '2023-04-20 09:54:11', '2023-02-24 01:55:53', 'Franny', 'Jacinda');
insert into article_comment (article_id, user_id, content, created_at, modified_at, created_by, modified_by) values (34, 'honey5', 'Maecenas leo odio, condimentum id, luctus nec, molestie sed, justo.', '2022-09-21 05:15:16', '2023-03-11 22:10:29', 'Othella', 'Orren');
insert into article_comment (article_id, user_id, content, created_at, modified_at, created_by, modified_by) values (63, 'honey5', 'Donec semper sapien a libero.', '2022-08-25 02:07:56', '2022-05-28 20:49:55', 'Devin', 'Shir');
insert into article_comment (article_id, user_id, content, created_at, modified_at, created_by, modified_by) values (53, 'honey5', 'In quis justo.', '2023-01-02 03:18:53', '2023-04-02 15:41:40', 'Deena', 'Xerxes');
insert into article_comment (article_id, user_id, content, created_at, modified_at, created_by, modified_by) values (91, 'honey1', 'Nullam porttitor lacus at turpis.', '2023-02-10 20:41:40', '2023-01-01 01:29:14', 'Marrissa', 'Paddie');
insert into article_comment (article_id, user_id, content, created_at, modified_at, created_by, modified_by) values (79, 'honey2', 'Aenean fermentum.', '2022-06-30 22:30:54', '2022-09-20 00:59:36', 'Kirsti', 'Rene');
insert into article_comment (article_id, user_id, content, created_at, modified_at, created_by, modified_by) values (94, 'honey4', 'Etiam vel augue. Vestibulum rutrum rutrum neque.', '2022-11-08 19:57:11', '2022-11-21 09:53:42', 'Gui', 'Flory');
insert into article_comment (article_id, user_id, content, created_at, modified_at, created_by, modified_by) values (29, 'honey4', 'Nunc purus.', '2022-06-03 01:34:47', '2023-02-01 00:26:25', 'Gearard', 'Thadeus');
insert into article_comment (article_id, user_id, content, created_at, modified_at, created_by, modified_by) values (9, 'honey3', 'Suspendisse potenti. In eleifend quam a odio.', '2023-01-16 20:48:34', '2023-03-11 16:28:12', 'Robby', 'Humfrid');
insert into article_comment (article_id, user_id, content, created_at, modified_at, created_by, modified_by) values (70, 'honey2', 'Cras pellentesque volutpat dui. Maecenas tristique, est et tempus semper, est quam pharetra magna, ac consequat metus sapien ut nunc.', '2023-04-17 02:00:33', '2023-04-17 23:08:38', 'Melinde', 'Giorgi');
insert into article_comment (article_id, user_id, content, created_at, modified_at, created_by, modified_by) values (46, 'honey3', 'Etiam vel augue. Vestibulum rutrum rutrum neque.', '2022-06-07 09:47:23', '2023-02-12 13:24:17', 'Hugh', 'Rick');
insert into article_comment (article_id, user_id, content, created_at, modified_at, created_by, modified_by) values (78, 'honey1', 'Fusce consequat. Nulla nisl.', '2022-11-13 10:50:56', '2022-12-27 03:03:13', 'Ofilia', 'Kore');
insert into article_comment (article_id, user_id, content, created_at, modified_at, created_by, modified_by) values (73, 'honey5', 'Praesent lectus.', '2022-05-22 16:15:23', '2022-09-18 15:56:34', 'Alonso', 'Saleem');
insert into article_comment (article_id, user_id, content, created_at, modified_at, created_by, modified_by) values (78, 'honey4', 'Aenean auctor gravida sem. Praesent id massa id nisl venenatis lacinia.', '2022-07-22 02:23:30', '2022-11-02 09:57:56', 'Selie', 'Peria');
insert into article_comment (article_id, user_id, content, created_at, modified_at, created_by, modified_by) values (30, 'honey1', 'Curabitur convallis.', '2022-05-02 22:57:02', '2023-01-03 02:33:29', 'Vergil', 'Rafferty');
insert into article_comment (article_id, user_id, content, created_at, modified_at, created_by, modified_by) values (63, 'honey3', 'Maecenas leo odio, condimentum id, luctus nec, molestie sed, justo.', '2022-11-27 06:39:37', '2023-01-19 06:16:33', 'Ailbert', 'Rubetta');
insert into article_comment (article_id, user_id, content, created_at, modified_at, created_by, modified_by) values (67, 'honey1', 'Integer pede justo, lacinia eget, tincidunt eget, tempus vel, pede. Morbi porttitor lorem id ligula.', '2022-12-16 16:15:43', '2022-11-10 14:08:22', 'Loralyn', 'Darius');
insert into article_comment (article_id, user_id, content, created_at, modified_at, created_by, modified_by) values (22, 'honey1', 'Integer non velit. Donec diam neque, vestibulum eget, vulputate ut, ultrices vel, augue.', '2022-11-18 02:37:21', '2022-11-18 16:03:12', 'Norrie', 'Sheila-kathryn');
insert into article_comment (article_id, user_id, content, created_at, modified_at, created_by, modified_by) values (91, 'honey3', 'Integer ac leo.', '2022-11-10 14:12:46', '2023-02-11 21:39:34', 'Addy', 'Alison');
insert into article_comment (article_id, user_id, content, created_at, modified_at, created_by, modified_by) values (88, 'honey5', 'Cum sociis natoque penatibus et magnis dis parturient montes, nascetur ridiculus mus. Etiam vel augue.', '2023-02-27 12:56:04', '2022-05-12 23:56:39', 'Alvera', 'Blinnie');
insert into article_comment (article_id, user_id, content, created_at, modified_at, created_by, modified_by) values (76, 'honey2', 'Quisque arcu libero, rutrum ac, lobortis vel, dapibus at, diam. Nam tristique tortor eu pede.', '2023-01-24 01:56:15', '2022-11-02 07:42:16', 'Trescha', 'Natka');
insert into article_comment (article_id, user_id, content, created_at, modified_at, created_by, modified_by) values (22, 'honey4', 'In sagittis dui vel nisl. Duis ac nibh.', '2022-11-25 14:19:36', '2022-07-18 15:02:53', 'Brana', 'Herculie');
insert into article_comment (article_id, user_id, content, created_at, modified_at, created_by, modified_by) values (55, 'honey1', 'Mauris lacinia sapien quis libero.', '2022-10-17 17:44:33', '2022-08-24 14:07:29', 'Broddy', 'Marcie');
insert into article_comment (article_id, user_id, content, created_at, modified_at, created_by, modified_by) values (38, 'honey5', 'Lorem ipsum dolor sit amet, consectetuer adipiscing elit.', '2023-01-22 07:24:55', '2022-09-05 22:06:27', 'Barbabas', 'Inesita');
insert into article_comment (article_id, user_id, content, created_at, modified_at, created_by, modified_by) values (21, 'honey1', 'Nulla facilisi. Cras non velit nec nisi vulputate nonummy.', '2023-03-29 06:28:18', '2022-05-08 00:47:18', 'Bertine', 'Layney');
insert into article_comment (article_id, user_id, content, created_at, modified_at, created_by, modified_by) values (3, 'honey5', 'Donec ut mauris eget massa tempor convallis. Nulla neque libero, convallis eget, eleifend luctus, ultricies eu, nibh.', '2022-07-26 08:02:27', '2022-05-08 22:55:50', 'Fae', 'Ardra');
insert into article_comment (article_id, user_id, content, created_at, modified_at, created_by, modified_by) values (32, 'honey5', 'Donec diam neque, vestibulum eget, vulputate ut, ultrices vel, augue. Vestibulum ante ipsum primis in faucibus orci luctus et ultrices posuere cubilia Curae; Donec pharetra, magna vestibulum aliquet ultrices, erat tortor sollicitudin mi, sit amet lobortis sapien sapien non mi.', '2022-11-17 08:41:45', '2022-08-03 13:31:33', 'Camile', 'Vasilis');
insert into article_comment (article_id, user_id, content, created_at, modified_at, created_by, modified_by) values (32, 'honey3', 'Integer ac leo.', '2022-07-19 05:30:17', '2022-05-13 01:51:22', 'Melinde', 'Joellyn');
insert into article_comment (article_id, user_id, content, created_at, modified_at, created_by, modified_by) values (51, 'honey2', 'Morbi sem mauris, laoreet ut, rhoncus aliquet, pulvinar sed, nisl. Nunc rhoncus dui vel sem.', '2022-10-15 11:53:33', '2023-03-30 18:55:44', 'Hogan', 'Laetitia');
insert into article_comment (article_id, user_id, content, created_at, modified_at, created_by, modified_by) values (22, 'honey3', 'Proin risus.', '2023-01-01 01:52:35', '2023-04-17 03:34:55', 'Mikey', 'Jule');
insert into article_comment (article_id, user_id, content, created_at, modified_at, created_by, modified_by) values (99, 'honey1', 'Suspendisse potenti.', '2023-02-19 08:17:10', '2022-11-17 18:53:21', 'Archibold', 'Gale');
insert into article_comment (article_id, user_id, content, created_at, modified_at, created_by, modified_by) values (70, 'honey5', 'Integer ac neque. Duis bibendum.', '2022-05-08 13:33:35', '2023-03-08 07:21:47', 'Yardley', 'Henka');
insert into article_comment (article_id, user_id, content, created_at, modified_at, created_by, modified_by) values (58, 'honey2', 'Duis bibendum, felis sed interdum venenatis, turpis enim blandit mi, in porttitor pede justo eu massa. Donec dapibus.', '2022-09-10 17:03:32', '2022-05-24 03:31:21', 'Archibold', 'Isaak');
insert into article_comment (article_id, user_id, content, created_at, modified_at, created_by, modified_by) values (12, 'honey1', 'Proin at turpis a pede posuere nonummy.', '2022-04-28 20:43:47', '2023-03-31 15:12:51', 'Gannon', 'Rochester');
insert into article_comment (article_id, user_id, content, created_at, modified_at, created_by, modified_by) values (96, 'honey3', 'Proin eu mi.', '2023-02-09 01:42:32', '2022-05-04 11:49:21', 'Leupold', 'Morgan');
insert into article_comment (article_id, user_id, content, created_at, modified_at, created_by, modified_by) values (95, 'honey2', 'Suspendisse potenti.', '2022-12-27 11:00:18', '2022-08-30 16:36:18', 'Bartel', 'Bobina');
insert into article_comment (article_id, user_id, content, created_at, modified_at, created_by, modified_by) values (96, 'honey5', 'Duis aliquam convallis nunc.', '2023-04-20 00:38:17', '2022-06-06 01:33:46', 'Queenie', 'Andre');
insert into article_comment (article_id, user_id, content, created_at, modified_at, created_by, modified_by) values (66, 'honey3', 'Nunc rhoncus dui vel sem.', '2023-04-17 04:17:28', '2022-06-20 13:50:03', 'Riley', 'Prudy');
insert into article_comment (article_id, user_id, content, created_at, modified_at, created_by, modified_by) values (97, 'honey1', 'Cum sociis natoque penatibus et magnis dis parturient montes, nascetur ridiculus mus. Etiam vel augue.', '2023-03-26 13:43:16', '2023-02-01 11:31:42', 'Delcine', 'Carley');
insert into article_comment (article_id, user_id, content, created_at, modified_at, created_by, modified_by) values (22, 'honey5', 'Proin at turpis a pede posuere nonummy. Integer non velit.', '2022-10-05 04:38:38', '2022-11-02 16:38:06', 'Jacquelyn', 'Marcello');
insert into article_comment (article_id, user_id, content, created_at, modified_at, created_by, modified_by) values (90, 'honey3', 'Vestibulum quam sapien, varius ut, blandit non, interdum in, ante. Vestibulum ante ipsum primis in faucibus orci luctus et ultrices posuere cubilia Curae; Duis faucibus accumsan odio.', '2022-09-27 19:09:39', '2022-12-31 10:49:27', 'Mendie', 'Janenna');
insert into article_comment (article_id, user_id, content, created_at, modified_at, created_by, modified_by) values (39, 'honey1', 'Donec posuere metus vitae ipsum. Aliquam non mauris.', '2022-11-26 07:49:16', '2023-03-12 19:23:59', 'Tatiania', 'Lynne');
insert into article_comment (article_id, user_id, content, created_at, modified_at, created_by, modified_by) values (6, 'honey3', 'Duis aliquam convallis nunc.', '2022-07-26 13:38:30', '2022-06-08 22:46:00', 'Denny', 'Marcia');
insert into article_comment (article_id, user_id, content, created_at, modified_at, created_by, modified_by) values (57, 'honey5', 'Suspendisse potenti.', '2022-07-28 17:53:02', '2022-06-25 16:11:54', 'Leeland', 'Locke');
insert into article_comment (article_id, user_id, content, created_at, modified_at, created_by, modified_by) values (81, 'honey1', 'Morbi porttitor lorem id ligula. Suspendisse ornare consequat lectus.', '2023-03-02 00:53:21', '2023-01-12 11:52:35', 'Guillemette', 'Astra');
insert into article_comment (article_id, user_id, content, created_at, modified_at, created_by, modified_by) values (84, 'honey2', 'Morbi sem mauris, laoreet ut, rhoncus aliquet, pulvinar sed, nisl.', '2023-03-12 02:16:11', '2023-01-16 23:46:18', 'Warner', 'Vivie');
insert into article_comment (article_id, user_id, content, created_at, modified_at, created_by, modified_by) values (71, 'honey5', 'Donec semper sapien a libero. Nam dui.', '2022-07-05 22:35:31', '2023-03-17 11:47:13', 'Cassondra', 'Georgy');
insert into article_comment (article_id, user_id, content, created_at, modified_at, created_by, modified_by) values (5, 'honey2', 'Pellentesque eget nunc.', '2022-08-01 17:42:02', '2023-01-07 09:59:48', 'Gabby', 'Maybelle');
insert into article_comment (article_id, user_id, content, created_at, modified_at, created_by, modified_by) values (17, 'honey4', 'Maecenas ut massa quis augue luctus tincidunt.', '2022-09-29 11:57:53', '2022-08-30 03:48:38', 'Aurelia', 'Maje');
insert into article_comment (article_id, user_id, content, created_at, modified_at, created_by, modified_by) values (100, 'honey1', 'Fusce congue, diam id ornare imperdiet, sapien urna pretium nisl, ut volutpat sapien arcu sed augue. Aliquam erat volutpat.', '2022-04-30 09:25:37', '2022-12-28 20:26:43', 'Brinna', 'Margarette');
insert into article_comment (article_id, user_id, content, created_at, modified_at, created_by, modified_by) values (61, 'honey5', 'Aliquam erat volutpat.', '2022-04-27 08:44:45', '2023-01-28 06:49:08', 'Belicia', 'Winona');
insert into article_comment (article_id, user_id, content, created_at, modified_at, created_by, modified_by) values (82, 'honey5', 'Nunc purus.', '2022-10-17 16:49:38', '2023-04-16 10:03:04', 'Josephina', 'Tracey');
insert into article_comment (article_id, user_id, content, created_at, modified_at, created_by, modified_by) values (40, 'honey2', 'Morbi vestibulum, velit id pretium iaculis, diam erat fermentum justo, nec condimentum neque sapien placerat ante. Nulla justo.', '2022-10-03 08:53:12', '2022-11-24 05:09:06', 'Bobby', 'Michael');
insert into article_comment (article_id, user_id, content, created_at, modified_at, created_by, modified_by) values (58, 'honey4', 'Nulla justo.', '2022-05-19 13:06:19', '2022-10-27 10:41:46', 'Darby', 'Klarrisa');
insert into article_comment (article_id, user_id, content, created_at, modified_at, created_by, modified_by) values (74, 'honey3', 'Duis bibendum. Morbi non quam nec dui luctus rutrum.', '2022-10-19 05:36:34', '2022-11-30 04:52:53', 'Lucais', 'Cassandra');
insert into article_comment (article_id, user_id, content, created_at, modified_at, created_by, modified_by) values (11, 'honey1', 'Aliquam non mauris. Morbi non lectus.', '2022-06-02 15:27:35', '2023-04-06 13:34:22', 'Vernen', 'Van');
insert into article_comment (article_id, user_id, content, created_at, modified_at, created_by, modified_by) values (49, 'honey1', 'Lorem ipsum dolor sit amet, consectetuer adipiscing elit. Proin interdum mauris non ligula pellentesque ultrices.', '2023-03-29 23:50:05', '2023-03-28 10:37:24', 'Crysta', 'Mab');
insert into article_comment (article_id, user_id, content, created_at, modified_at, created_by, modified_by) values (90, 'honey1', 'In tempor, turpis nec euismod scelerisque, quam turpis adipiscing lorem, vitae mattis nibh ligula nec sem. Duis aliquam convallis nunc.', '2022-11-06 10:51:29', '2022-06-29 19:59:58', 'Tracie', 'Lilla');
insert into article_comment (article_id, user_id, content, created_at, modified_at, created_by, modified_by) values (63, 'honey5', 'In eleifend quam a odio.', '2022-07-13 22:00:02', '2023-04-16 11:04:39', 'Zsazsa', 'Meridel');
insert into article_comment (article_id, user_id, content, created_at, modified_at, created_by, modified_by) values (90, 'honey5', 'Integer non velit.', '2023-02-04 02:46:02', '2023-04-23 09:25:04', 'Ardis', 'Mufinella');
insert into article_comment (article_id, user_id, content, created_at, modified_at, created_by, modified_by) values (63, 'honey3', 'Maecenas tristique, est et tempus semper, est quam pharetra magna, ac consequat metus sapien ut nunc.', '2023-02-12 03:06:12', '2022-05-29 10:57:32', 'Emmerich', 'Mickey');
insert into article_comment (article_id, user_id, content, created_at, modified_at, created_by, modified_by) values (23, 'honey2', 'Nulla facilisi.', '2022-08-18 10:31:58', '2022-04-27 18:44:58', 'Seamus', 'Bel');
insert into article_comment (article_id, user_id, content, created_at, modified_at, created_by, modified_by) values (77, 'honey4', 'Integer pede justo, lacinia eget, tincidunt eget, tempus vel, pede. Morbi porttitor lorem id ligula.', '2022-08-06 07:51:46', '2022-05-14 09:58:04', 'Tillie', 'Janella');
insert into article_comment (article_id, user_id, content, created_at, modified_at, created_by, modified_by) values (38, 'honey5', 'In hac habitasse platea dictumst.', '2022-05-20 22:39:27', '2022-11-24 06:26:41', 'Coreen', 'Ronnica');
insert into article_comment (article_id, user_id, content, created_at, modified_at, created_by, modified_by) values (4, 'honey3', 'Etiam justo. Etiam pretium iaculis justo.', '2023-01-12 06:00:45', '2022-08-06 16:43:51', 'Roberta', 'Alberto');
insert into article_comment (article_id, user_id, content, created_at, modified_at, created_by, modified_by) values (70, 'honey5', 'Morbi sem mauris, laoreet ut, rhoncus aliquet, pulvinar sed, nisl. Nunc rhoncus dui vel sem.', '2023-04-03 03:12:49', '2022-07-28 21:01:13', 'Krystal', 'Blondelle');
insert into article_comment (article_id, user_id, content, created_at, modified_at, created_by, modified_by) values (82, 'honey3', 'Duis consequat dui nec nisi volutpat eleifend.', '2023-01-20 23:40:12', '2023-02-12 04:14:28', 'Lucine', 'Steffi');
insert into article_comment (article_id, user_id, content, created_at, modified_at, created_by, modified_by) values (27, 'honey5', 'Nulla ac enim.', '2022-10-15 20:58:39', '2023-03-16 20:59:49', 'Florida', 'Markus');
insert into article_comment (article_id, user_id, content, created_at, modified_at, created_by, modified_by) values (17, 'honey2', 'Nam nulla. Integer pede justo, lacinia eget, tincidunt eget, tempus vel, pede.', '2022-10-21 08:38:12', '2022-07-22 06:11:27', 'Noam', 'Micky');
insert into article_comment (article_id, user_id, content, created_at, modified_at, created_by, modified_by) values (53, 'honey4', 'Suspendisse potenti.', '2022-12-20 19:29:31', '2022-09-15 10:07:30', 'Garrott', 'Aeriel');
insert into article_comment (article_id, user_id, content, created_at, modified_at, created_by, modified_by) values (12, 'honey4', 'Mauris sit amet eros.', '2023-04-06 16:09:05', '2023-03-07 22:47:43', 'Kevyn', 'Shandy');
insert into article_comment (article_id, user_id, content, created_at, modified_at, created_by, modified_by) values (76, 'honey4', 'In hac habitasse platea dictumst.', '2022-06-06 22:39:44', '2022-06-29 15:50:31', 'Lydon', 'Annette');
insert into article_comment (article_id, user_id, content, created_at, modified_at, created_by, modified_by) values (93, 'honey1', 'Aenean lectus. Pellentesque eget nunc.', '2022-09-27 22:23:19', '2022-12-31 18:55:49', 'Heywood', 'Benny');
insert into article_comment (article_id, user_id, content, created_at, modified_at, created_by, modified_by) values (63, 'honey5', 'Praesent blandit. Nam nulla.', '2022-09-13 16:33:46', '2023-02-23 18:34:00', 'Rafaela', 'Kelci');
insert into article_comment (article_id, user_id, content, created_at, modified_at, created_by, modified_by) values (62, 'honey3', 'Curabitur in libero ut massa volutpat convallis. Morbi odio odio, elementum eu, interdum eu, tincidunt in, leo.', '2022-06-23 01:11:59', '2023-02-21 07:20:23', 'Mahmoud', 'Danika');
insert into article_comment (article_id, user_id, content, created_at, modified_at, created_by, modified_by) values (87, 'honey1', 'Praesent id massa id nisl venenatis lacinia.', '2022-06-22 19:14:04', '2022-07-17 20:34:28', 'Dulcinea', 'Adler');
insert into article_comment (article_id, user_id, content, created_at, modified_at, created_by, modified_by) values (50, 'honey3', 'Cum sociis natoque penatibus et magnis dis parturient montes, nascetur ridiculus mus.', '2022-05-03 14:00:33', '2022-11-27 04:53:21', 'Bertha', 'Vin');
insert into article_comment (article_id, user_id, content, created_at, modified_at, created_by, modified_by) values (94, 'honey2', 'Proin eu mi.', '2023-03-03 21:21:23', '2023-01-01 03:09:43', 'Rourke', 'Burk');
insert into article_comment (article_id, user_id, content, created_at, modified_at, created_by, modified_by) values (39, 'honey4', 'Nulla justo. Aliquam quis turpis eget elit sodales scelerisque.', '2022-08-10 13:29:18', '2022-11-20 03:46:09', 'Maia', 'Phylys');
insert into article_comment (article_id, user_id, content, created_at, modified_at, created_by, modified_by) values (64, 'honey3', 'Vestibulum ac est lacinia nisi venenatis tristique.', '2023-03-05 06:02:13', '2022-07-05 18:55:25', 'Gerardo', 'Elinore');
insert into article_comment (article_id, user_id, content, created_at, modified_at, created_by, modified_by) values (35, 'honey4', 'Duis aliquam convallis nunc. Proin at turpis a pede posuere nonummy.', '2023-03-04 11:09:26', '2022-06-01 19:50:14', 'Basil', 'Dar');
insert into article_comment (article_id, user_id, content, created_at, modified_at, created_by, modified_by) values (26, 'honey5', 'Vestibulum ante ipsum primis in faucibus orci luctus et ultrices posuere cubilia Curae; Duis faucibus accumsan odio. Curabitur convallis.', '2022-11-28 12:31:50', '2023-03-02 07:48:40', 'Olly', 'Adah');
insert into article_comment (article_id, user_id, content, created_at, modified_at, created_by, modified_by) values (85, 'honey2', 'Sed accumsan felis.', '2022-07-20 22:00:18', '2023-02-28 08:16:38', 'Rolph', 'Jeffie');
insert into article_comment (article_id, user_id, content, created_at, modified_at, created_by, modified_by) values (20, 'honey2', 'In sagittis dui vel nisl. Duis ac nibh.', '2023-01-08 02:02:19', '2023-03-03 18:42:05', 'Jocelyne', 'Renaldo');
insert into article_comment (article_id, user_id, content, created_at, modified_at, created_by, modified_by) values (10, 'honey3', 'Donec posuere metus vitae ipsum.', '2022-12-20 02:22:00', '2022-05-18 22:42:23', 'Stephan', 'Allianora');
insert into article_comment (article_id, user_id, content, created_at, modified_at, created_by, modified_by) values (17, 'honey5', 'Morbi ut odio. Cras mi pede, malesuada in, imperdiet et, commodo vulputate, justo.', '2023-01-01 13:05:59', '2022-05-24 17:51:00', 'Dalston', 'Virge');
insert into article_comment (article_id, user_id, content, created_at, modified_at, created_by, modified_by) values (32, 'honey3', 'Suspendisse potenti. In eleifend quam a odio.', '2022-05-08 02:55:27', '2022-12-27 02:47:34', 'Pascal', 'Joan');
insert into article_comment (article_id, user_id, content, created_at, modified_at, created_by, modified_by) values (51, 'honey4', 'Integer pede justo, lacinia eget, tincidunt eget, tempus vel, pede. Morbi porttitor lorem id ligula.', '2022-12-25 10:32:22', '2022-08-08 09:18:36', 'Dana', 'Teodor');
insert into article_comment (article_id, user_id, content, created_at, modified_at, created_by, modified_by) values (28, 'honey4', 'In tempor, turpis nec euismod scelerisque, quam turpis adipiscing lorem, vitae mattis nibh ligula nec sem.', '2023-02-11 23:13:28', '2023-02-14 09:06:46', 'Fulvia', 'Madelina');
insert into article_comment (article_id, user_id, content, created_at, modified_at, created_by, modified_by) values (94, 'honey4', 'Fusce posuere felis sed lacus. Morbi sem mauris, laoreet ut, rhoncus aliquet, pulvinar sed, nisl.', '2022-12-19 14:17:20', '2023-02-22 06:18:07', 'Neely', 'Freida');
insert into article_comment (article_id, user_id, content, created_at, modified_at, created_by, modified_by) values (86, 'honey5', 'In hac habitasse platea dictumst.', '2022-08-07 12:34:43', '2023-02-17 05:17:00', 'Vladimir', 'Henrieta');
insert into article_comment (article_id, user_id, content, created_at, modified_at, created_by, modified_by) values (45, 'honey5', 'Donec diam neque, vestibulum eget, vulputate ut, ultrices vel, augue.', '2022-05-15 06:15:17', '2022-07-25 02:28:40', 'Eleanor', 'Jo');
insert into article_comment (article_id, user_id, content, created_at, modified_at, created_by, modified_by) values (17, 'honey1', 'Vestibulum sed magna at nunc commodo placerat. Praesent blandit.', '2022-10-20 19:23:50', '2023-01-18 14:37:37', 'Malinda', 'Brnaba');
insert into article_comment (article_id, user_id, content, created_at, modified_at, created_by, modified_by) values (45, 'honey5', 'Maecenas leo odio, condimentum id, luctus nec, molestie sed, justo. Pellentesque viverra pede ac diam.', '2022-05-13 02:37:56', '2023-04-17 00:42:33', 'Guss', 'Eliot');
insert into article_comment (article_id, user_id, content, created_at, modified_at, created_by, modified_by) values (90, 'honey1', 'Donec ut dolor. Morbi vel lectus in quam fringilla rhoncus.', '2023-03-16 11:35:36', '2022-10-28 03:22:48', 'Alethea', 'Kort');
insert into article_comment (article_id, user_id, content, created_at, modified_at, created_by, modified_by) values (42, 'honey1', 'Pellentesque ultrices mattis odio. Donec vitae nisi.', '2022-09-09 04:04:40', '2023-02-04 16:00:42', 'Townie', 'Filmer');
insert into article_comment (article_id, user_id, content, created_at, modified_at, created_by, modified_by) values (20, 'honey1', 'Fusce posuere felis sed lacus. Morbi sem mauris, laoreet ut, rhoncus aliquet, pulvinar sed, nisl.', '2022-07-21 08:21:02', '2022-08-30 04:01:22', 'Kary', 'Jeni');
insert into article_comment (article_id, user_id, content, created_at, modified_at, created_by, modified_by) values (17, 'honey4', 'Duis ac nibh. Fusce lacus purus, aliquet at, feugiat non, pretium quis, lectus.', '2023-02-01 22:35:48', '2022-11-19 17:57:01', 'Frances', 'Yorke');
insert into article_comment (article_id, user_id, content, created_at, modified_at, created_by, modified_by) values (51, 'honey1', 'In tempor, turpis nec euismod scelerisque, quam turpis adipiscing lorem, vitae mattis nibh ligula nec sem.', '2023-02-03 01:45:54', '2022-06-26 23:13:06', 'Reuven', 'Judon');
insert into article_comment (article_id, user_id, content, created_at, modified_at, created_by, modified_by) values (19, 'honey2', 'Aenean fermentum.', '2022-12-14 05:37:25', '2022-08-14 21:13:46', 'Renell', 'Salomon');
insert into article_comment (article_id, user_id, content, created_at, modified_at, created_by, modified_by) values (52, 'honey1', 'Nulla nisl. Nunc nisl.', '2022-12-11 03:30:30', '2023-01-11 19:03:58', 'Germain', 'Kimbra');
insert into article_comment (article_id, user_id, content, created_at, modified_at, created_by, modified_by) values (42, 'honey3', 'Praesent blandit.', '2022-07-06 13:02:47', '2022-06-01 16:09:06', 'Oralle', 'Fairlie');
insert into article_comment (article_id, user_id, content, created_at, modified_at, created_by, modified_by) values (47, 'honey4', 'Morbi ut odio.', '2022-06-13 03:09:14', '2022-11-14 00:40:50', 'Barbabas', 'Ninnetta');
insert into article_comment (article_id, user_id, content, created_at, modified_at, created_by, modified_by) values (94, 'honey4', 'Donec odio justo, sollicitudin ut, suscipit a, feugiat et, eros. Vestibulum ac est lacinia nisi venenatis tristique.', '2022-10-16 04:42:49', '2022-05-14 01:13:06', 'Jase', 'Ninon');
insert into article_comment (article_id, user_id, content, created_at, modified_at, created_by, modified_by) values (55, 'honey2', 'Fusce congue, diam id ornare imperdiet, sapien urna pretium nisl, ut volutpat sapien arcu sed augue. Aliquam erat volutpat.', '2022-11-22 22:36:17', '2023-01-23 22:02:19', 'Nico', 'Ivor');
insert into article_comment (article_id, user_id, content, created_at, modified_at, created_by, modified_by) values (62, 'honey2', 'Nulla tempus.', '2022-08-19 17:43:44', '2022-11-07 08:46:33', 'Tyrone', 'Kelcy');
insert into article_comment (article_id, user_id, content, created_at, modified_at, created_by, modified_by) values (2, 'honey4', 'Pellentesque viverra pede ac diam. Cras pellentesque volutpat dui.', '2022-11-10 20:07:12', '2023-01-16 01:58:55', 'Rosemonde', 'Breanne');
insert into article_comment (article_id, user_id, content, created_at, modified_at, created_by, modified_by) values (84, 'honey3', 'Nullam molestie nibh in lectus.', '2022-07-30 08:43:17', '2022-09-14 02:57:11', 'Shawn', 'Leonerd');
insert into article_comment (article_id, user_id, content, created_at, modified_at, created_by, modified_by) values (20, 'honey1', 'Vestibulum ante ipsum primis in faucibus orci luctus et ultrices posuere cubilia Curae; Mauris viverra diam vitae quam.', '2022-08-30 18:55:11', '2022-05-27 09:50:02', 'Blondelle', 'Jayson');
insert into article_comment (article_id, user_id, content, created_at, modified_at, created_by, modified_by) values (68, 'honey1', 'Pellentesque ultrices mattis odio. Donec vitae nisi.', '2022-11-23 18:17:11', '2023-02-19 01:03:01', 'Maxim', 'Ophelie');
insert into article_comment (article_id, user_id, content, created_at, modified_at, created_by, modified_by) values (59, 'honey1', 'Quisque arcu libero, rutrum ac, lobortis vel, dapibus at, diam.', '2022-11-01 02:39:43', '2023-01-07 17:12:09', 'Arney', 'Monti');
insert into article_comment (article_id, user_id, content, created_at, modified_at, created_by, modified_by) values (70, 'honey4', 'Vivamus vel nulla eget eros elementum pellentesque. Quisque porta volutpat erat.', '2023-04-22 06:46:14', '2022-12-07 18:12:21', 'Codie', 'Gabriel');
insert into article_comment (article_id, user_id, content, created_at, modified_at, created_by, modified_by) values (1, 'honey4', 'Donec quis orci eget orci vehicula condimentum.', '2023-03-28 19:40:03', '2023-02-18 10:29:14', 'Isaak', 'Farleigh');
insert into article_comment (article_id, user_id, content, created_at, modified_at, created_by, modified_by) values (16, 'honey4', 'Sed ante. Vivamus tortor.', '2022-08-27 02:23:53', '2023-03-05 08:23:22', 'Kacie', 'Rowe');
insert into article_comment (article_id, user_id, content, created_at, modified_at, created_by, modified_by) values (76, 'honey1', 'Lorem ipsum dolor sit amet, consectetuer adipiscing elit.', '2022-07-27 17:58:19', '2023-01-13 07:21:24', 'Torrence', 'Karlik');
insert into article_comment (article_id, user_id, content, created_at, modified_at, created_by, modified_by) values (15, 'honey5', 'Vestibulum ac est lacinia nisi venenatis tristique. Fusce congue, diam id ornare imperdiet, sapien urna pretium nisl, ut volutpat sapien arcu sed augue.', '2022-12-14 04:22:00', '2023-04-02 04:51:58', 'Emiline', 'Jodi');
insert into article_comment (article_id, user_id, content, created_at, modified_at, created_by, modified_by) values (78, 'honey4', 'Praesent id massa id nisl venenatis lacinia.', '2022-05-30 16:06:29', '2022-09-14 17:18:40', 'Bevin', 'Renee');
insert into article_comment (article_id, user_id, content, created_at, modified_at, created_by, modified_by) values (67, 'honey5', 'Nulla justo.', '2022-07-21 19:01:30', '2023-04-20 07:05:51', 'Catha', 'Hadleigh');
insert into article_comment (article_id, user_id, content, created_at, modified_at, created_by, modified_by) values (62, 'honey5', 'Morbi vestibulum, velit id pretium iaculis, diam erat fermentum justo, nec condimentum neque sapien placerat ante. Nulla justo.', '2022-11-27 00:38:52', '2022-06-19 18:55:19', 'Rodrick', 'Terry');
insert into article_comment (article_id, user_id, content, created_at, modified_at, created_by, modified_by) values (72, 'honey1', 'Integer ac neque.', '2022-06-21 18:53:47', '2022-05-27 07:50:40', 'Theodore', 'Frieda');
insert into article_comment (article_id, user_id, content, created_at, modified_at, created_by, modified_by) values (11, 'honey2', 'Nunc nisl. Duis bibendum, felis sed interdum venenatis, turpis enim blandit mi, in porttitor pede justo eu massa.', '2022-10-17 00:35:07', '2022-10-26 15:57:14', 'Stormi', 'Hillard');
insert into article_comment (article_id, user_id, content, created_at, modified_at, created_by, modified_by) values (67, 'honey2', 'Morbi odio odio, elementum eu, interdum eu, tincidunt in, leo.', '2022-09-09 02:54:02', '2023-03-05 18:21:13', 'Rowe', 'Norris');
insert into article_comment (article_id, user_id, content, created_at, modified_at, created_by, modified_by) values (99, 'honey3', 'Phasellus in felis. Donec semper sapien a libero.', '2023-01-16 21:28:15', '2022-11-29 16:08:54', 'Lane', 'Eyde');
insert into article_comment (article_id, user_id, content, created_at, modified_at, created_by, modified_by) values (45, 'honey5', 'Vestibulum sed magna at nunc commodo placerat.', '2023-04-05 15:58:50', '2022-05-28 09:16:12', 'Gabriela', 'Glyn');
insert into article_comment (article_id, user_id, content, created_at, modified_at, created_by, modified_by) values (61, 'honey3', 'Vestibulum sed magna at nunc commodo placerat.', '2023-03-20 02:51:49', '2022-09-11 00:42:55', 'Ody', 'Mitchell');
insert into article_comment (article_id, user_id, content, created_at, modified_at, created_by, modified_by) values (4, 'honey4', 'Nullam molestie nibh in lectus. Pellentesque at nulla.', '2022-12-06 21:21:25', '2022-05-29 02:29:13', 'Sigismundo', 'Sheri');
insert into article_comment (article_id, user_id, content, created_at, modified_at, created_by, modified_by) values (25, 'honey3', 'Quisque porta volutpat erat. Quisque erat eros, viverra eget, congue eget, semper rutrum, nulla.', '2022-08-29 21:10:01', '2022-05-14 23:05:20', 'Eve', 'Chickie');
insert into article_comment (article_id, user_id, content, created_at, modified_at, created_by, modified_by) values (72, 'honey4', 'Fusce consequat. Nulla nisl.', '2023-01-22 05:47:42', '2023-04-10 02:51:22', 'Boote', 'Yanaton');
insert into article_comment (article_id, user_id, content, created_at, modified_at, created_by, modified_by) values (26, 'honey4', 'Donec odio justo, sollicitudin ut, suscipit a, feugiat et, eros. Vestibulum ac est lacinia nisi venenatis tristique.', '2022-07-24 03:12:26', '2023-01-25 20:38:30', 'Emmalynn', 'Mersey');
insert into article_comment (article_id, user_id, content, created_at, modified_at, created_by, modified_by) values (74, 'honey1', 'Sed ante.', '2022-11-11 15:19:42', '2022-05-20 21:58:00', 'Carlita', 'Guntar');
insert into article_comment (article_id, user_id, content, created_at, modified_at, created_by, modified_by) values (11, 'honey5', 'Curabitur gravida nisi at nibh.', '2022-11-16 10:35:02', '2022-12-27 14:22:27', 'Renaud', 'Jacqui');
insert into article_comment (article_id, user_id, content, created_at, modified_at, created_by, modified_by) values (62, 'honey2', 'Integer aliquet, massa id lobortis convallis, tortor risus dapibus augue, vel accumsan tellus nisi eu orci. Mauris lacinia sapien quis libero.', '2022-08-18 00:51:13', '2023-02-15 11:04:38', 'Reggis', 'Had');
insert into article_comment (article_id, user_id, content, created_at, modified_at, created_by, modified_by) values (22, 'honey4', 'Morbi non lectus.', '2022-10-03 16:10:59', '2022-12-07 07:39:27', 'Tammi', 'Louis');
insert into article_comment (article_id, user_id, content, created_at, modified_at, created_by, modified_by) values (8, 'honey1', 'Morbi non lectus. Aliquam sit amet diam in magna bibendum imperdiet.', '2023-02-02 18:16:29', '2022-07-19 14:52:04', 'Curr', 'Sammy');
insert into article_comment (article_id, user_id, content, created_at, modified_at, created_by, modified_by) values (67, 'honey5', 'Phasellus id sapien in sapien iaculis congue. Vivamus metus arcu, adipiscing molestie, hendrerit at, vulputate vitae, nisl.', '2023-01-21 15:42:06', '2023-01-14 12:00:11', 'Leandra', 'Dannel');
insert into article_comment (article_id, user_id, content, created_at, modified_at, created_by, modified_by) values (91, 'honey1', 'Nam tristique tortor eu pede.', '2022-10-11 23:47:40', '2023-02-27 13:43:24', 'Flinn', 'Basile');
insert into article_comment (article_id, user_id, content, created_at, modified_at, created_by, modified_by) values (5, 'honey1', 'Maecenas tristique, est et tempus semper, est quam pharetra magna, ac consequat metus sapien ut nunc.', '2023-02-05 19:20:42', '2022-08-02 04:13:17', 'Zacharias', 'Marika');
insert into article_comment (article_id, user_id, content, created_at, modified_at, created_by, modified_by) values (63, 'honey3', 'Cum sociis natoque penatibus et magnis dis parturient montes, nascetur ridiculus mus. Vivamus vestibulum sagittis sapien.', '2022-09-25 06:55:11', '2022-05-16 06:12:02', 'Nerta', 'Kurtis');
insert into article_comment (article_id, user_id, content, created_at, modified_at, created_by, modified_by) values (83, 'honey5', 'Praesent blandit lacinia erat.', '2022-09-10 06:05:40', '2023-03-07 16:35:41', 'Edgardo', 'Norine');
insert into article_comment (article_id, user_id, content, created_at, modified_at, created_by, modified_by) values (49, 'honey4', 'Fusce lacus purus, aliquet at, feugiat non, pretium quis, lectus.', '2022-06-14 11:39:53', '2022-05-03 10:24:18', 'Loni', 'Stan');
insert into article_comment (article_id, user_id, content, created_at, modified_at, created_by, modified_by) values (79, 'honey5', 'Quisque porta volutpat erat.', '2022-09-20 05:32:47', '2022-04-26 08:08:05', 'Benni', 'Marjy');
insert into article_comment (article_id, user_id, content, created_at, modified_at, created_by, modified_by) values (29, 'honey4', 'Integer pede justo, lacinia eget, tincidunt eget, tempus vel, pede.', '2022-10-02 05:50:41', '2022-10-17 12:12:26', 'Alfredo', 'Corliss');
insert into article_comment (article_id, user_id, content, created_at, modified_at, created_by, modified_by) values (5, 'honey3', 'Aenean lectus. Pellentesque eget nunc.', '2022-04-28 02:00:46', '2022-09-30 21:20:18', 'Milton', 'Jerad');
insert into article_comment (article_id, user_id, content, created_at, modified_at, created_by, modified_by) values (34, 'honey3', 'Aenean sit amet justo.', '2023-04-21 22:37:40', '2023-01-05 12:13:34', 'Ethelind', 'Gates');
insert into article_comment (article_id, user_id, content, created_at, modified_at, created_by, modified_by) values (8, 'honey1', 'Vestibulum quam sapien, varius ut, blandit non, interdum in, ante. Vestibulum ante ipsum primis in faucibus orci luctus et ultrices posuere cubilia Curae; Duis faucibus accumsan odio.', '2022-12-05 22:47:04', '2022-10-27 18:11:21', 'Idalia', 'Linnie');
insert into article_comment (article_id, user_id, content, created_at, modified_at, created_by, modified_by) values (71, 'honey5', 'Praesent blandit lacinia erat.', '2022-12-09 11:31:54', '2022-05-17 04:45:36', 'Kirstin', 'Theobald');
insert into article_comment (article_id, user_id, content, created_at, modified_at, created_by, modified_by) values (94, 'honey3', 'Vestibulum ante ipsum primis in faucibus orci luctus et ultrices posuere cubilia Curae; Nulla dapibus dolor vel est.', '2022-10-20 00:33:20', '2023-04-10 08:58:42', 'Kristian', 'Lindie');
insert into article_comment (article_id, user_id, content, created_at, modified_at, created_by, modified_by) values (60, 'honey3', 'Vestibulum ante ipsum primis in faucibus orci luctus et ultrices posuere cubilia Curae; Mauris viverra diam vitae quam. Suspendisse potenti.', '2023-04-05 11:13:44', '2023-02-25 16:14:43', 'Tillie', 'Ximenez');
insert into article_comment (article_id, user_id, content, created_at, modified_at, created_by, modified_by) values (64, 'honey4', 'Sed accumsan felis.', '2023-02-12 03:18:41', '2023-04-06 08:11:37', 'Riane', 'Marley');
insert into article_comment (article_id, user_id, content, created_at, modified_at, created_by, modified_by) values (93, 'honey1', 'Vivamus metus arcu, adipiscing molestie, hendrerit at, vulputate vitae, nisl.', '2022-11-11 12:24:22', '2023-02-18 15:24:48', 'Bethina', 'Bertina');
insert into article_comment (article_id, user_id, content, created_at, modified_at, created_by, modified_by) values (60, 'honey1', 'Donec vitae nisi. Nam ultrices, libero non mattis pulvinar, nulla pede ullamcorper augue, a suscipit nulla elit ac nulla.', '2023-03-28 18:30:26', '2022-05-07 23:14:06', 'Berry', 'Maxim');
insert into article_comment (article_id, user_id, content, created_at, modified_at, created_by, modified_by) values (99, 'honey2', 'Duis bibendum.', '2023-03-23 17:06:32', '2023-04-01 00:01:12', 'Edgard', 'Flor');
insert into article_comment (article_id, user_id, content, created_at, modified_at, created_by, modified_by) values (32, 'honey3', 'Fusce congue, diam id ornare imperdiet, sapien urna pretium nisl, ut volutpat sapien arcu sed augue.', '2022-08-11 07:47:29', '2022-09-08 05:48:41', 'Rochette', 'Korey');
insert into article_comment (article_id, user_id, content, created_at, modified_at, created_by, modified_by) values (57, 'honey1', 'Vivamus vestibulum sagittis sapien.', '2022-05-22 19:57:46', '2022-11-17 18:31:57', 'Grover', 'Jacintha');
insert into article_comment (article_id, user_id, content, created_at, modified_at, created_by, modified_by) values (15, 'honey3', 'Morbi vel lectus in quam fringilla rhoncus. Mauris enim leo, rhoncus sed, vestibulum sit amet, cursus id, turpis.', '2022-12-24 04:16:29', '2022-12-03 08:31:38', 'Charla', 'Artie');
insert into article_comment (article_id, user_id, content, created_at, modified_at, created_by, modified_by) values (69, 'honey1', 'Fusce posuere felis sed lacus.', '2022-12-14 17:15:16', '2023-02-10 07:08:50', 'Jeromy', 'Arin');
insert into article_comment (article_id, user_id, content, created_at, modified_at, created_by, modified_by) values (14, 'honey5', 'In est risus, auctor sed, tristique in, tempus sit amet, sem. Fusce consequat.', '2022-11-03 05:12:50', '2023-02-12 16:09:39', 'Vidovic', 'Vasili');
insert into article_comment (article_id, user_id, content, created_at, modified_at, created_by, modified_by) values (9, 'honey3', 'Nulla tellus.', '2022-09-23 00:24:13', '2023-03-20 16:28:38', 'Lynna', 'Peggy');
insert into article_comment (article_id, user_id, content, created_at, modified_at, created_by, modified_by) values (11, 'honey5', 'Curabitur gravida nisi at nibh.', '2022-09-25 00:54:06', '2022-11-08 09:41:33', 'Elston', 'Halimeda');
insert into article_comment (article_id, user_id, content, created_at, modified_at, created_by, modified_by) values (54, 'honey5', 'Curabitur at ipsum ac tellus semper interdum.', '2022-06-20 18:36:58', '2023-01-13 17:42:45', 'Lotta', 'Woodrow');
insert into article_comment (article_id, user_id, content, created_at, modified_at, created_by, modified_by) values (39, 'honey4', 'Proin at turpis a pede posuere nonummy.', '2023-02-02 11:09:49', '2022-04-29 04:40:52', 'Jacobo', 'Yul');
insert into article_comment (article_id, user_id, content, created_at, modified_at, created_by, modified_by) values (10, 'honey5', 'Morbi vestibulum, velit id pretium iaculis, diam erat fermentum justo, nec condimentum neque sapien placerat ante. Nulla justo.', '2023-01-07 02:02:39', '2022-11-10 01:01:46', 'Dagny', 'Loella');
insert into article_comment (article_id, user_id, content, created_at, modified_at, created_by, modified_by) values (95, 'honey3', 'Morbi vel lectus in quam fringilla rhoncus.', '2022-08-28 19:27:10', '2022-06-04 01:55:56', 'Jock', 'Ardyce');
insert into article_comment (article_id, user_id, content, created_at, modified_at, created_by, modified_by) values (63, 'honey2', 'Vivamus in felis eu sapien cursus vestibulum. Proin eu mi.', '2022-11-10 14:53:21', '2023-02-13 07:21:07', 'Gaynor', 'Fredrick');
insert into article_comment (article_id, user_id, content, created_at, modified_at, created_by, modified_by) values (63, 'honey5', 'Integer ac leo.', '2022-07-01 05:11:57', '2022-08-18 18:31:35', 'Mick', 'Theodor');
insert into article_comment (article_id, user_id, content, created_at, modified_at, created_by, modified_by) values (61, 'honey5', 'Aenean auctor gravida sem. Praesent id massa id nisl venenatis lacinia.', '2022-10-17 18:20:28', '2022-05-22 14:27:23', 'Lillis', 'Boyd');
insert into article_comment (article_id, user_id, content, created_at, modified_at, created_by, modified_by) values (41, 'honey2', 'Nam congue, risus semper porta volutpat, quam pede lobortis ligula, sit amet eleifend pede libero quis orci. Nullam molestie nibh in lectus.', '2023-02-09 01:39:13', '2023-01-17 18:50:59', 'Gwendolen', 'April');
insert into article_comment (article_id, user_id, content, created_at, modified_at, created_by, modified_by) values (82, 'honey1', 'Duis bibendum, felis sed interdum venenatis, turpis enim blandit mi, in porttitor pede justo eu massa. Donec dapibus.', '2023-01-03 09:58:06', '2023-04-06 18:01:59', 'Verina', 'Teena');
insert into article_comment (article_id, user_id, content, created_at, modified_at, created_by, modified_by) values (55, 'honey2', 'Integer pede justo, lacinia eget, tincidunt eget, tempus vel, pede.', '2022-05-24 22:00:59', '2023-01-16 12:14:53', 'Gav', 'Celestia');
insert into article_comment (article_id, user_id, content, created_at, modified_at, created_by, modified_by) values (93, 'honey3', 'Vestibulum sed magna at nunc commodo placerat. Praesent blandit.', '2023-03-25 04:43:14', '2022-08-06 03:17:22', 'Clotilda', 'Agnesse');
insert into article_comment (article_id, user_id, content, created_at, modified_at, created_by, modified_by) values (27, 'honey5', 'Nulla mollis molestie lorem. Quisque ut erat.', '2022-10-01 21:01:23', '2023-02-03 17:10:46', 'Hammad', 'Dom');
insert into article_comment (article_id, user_id, content, created_at, modified_at, created_by, modified_by) values (71, 'honey3', 'Lorem ipsum dolor sit amet, consectetuer adipiscing elit.', '2023-01-11 05:28:57', '2023-01-30 14:54:27', 'Wilden', 'Dodie');
insert into article_comment (article_id, user_id, content, created_at, modified_at, created_by, modified_by) values (79, 'honey5', 'Donec vitae nisi.', '2022-10-15 08:10:27', '2023-04-06 12:15:28', 'Ross', 'Lissa');
insert into article_comment (article_id, user_id, content, created_at, modified_at, created_by, modified_by) values (70, 'honey5', 'Donec quis orci eget orci vehicula condimentum.', '2023-01-11 08:34:41', '2022-09-11 15:03:24', 'Mannie', 'Norbie');
insert into article_comment (article_id, user_id, content, created_at, modified_at, created_by, modified_by) values (61, 'honey4', 'Aliquam non mauris.', '2023-02-26 20:54:50', '2023-03-30 17:59:35', 'Elane', 'Aimee');
insert into article_comment (article_id, user_id, content, created_at, modified_at, created_by, modified_by) values (34, 'honey2', 'Praesent lectus. Vestibulum quam sapien, varius ut, blandit non, interdum in, ante.', '2022-07-22 17:33:06', '2022-12-21 08:36:14', 'Isabelle', 'Mickey');
insert into article_comment (article_id, user_id, content, created_at, modified_at, created_by, modified_by) values (24, 'honey1', 'Fusce congue, diam id ornare imperdiet, sapien urna pretium nisl, ut volutpat sapien arcu sed augue. Aliquam erat volutpat.', '2022-08-04 19:51:52', '2022-05-02 11:33:17', 'Shermie', 'Doti');
insert into article_comment (article_id, user_id, content, created_at, modified_at, created_by, modified_by) values (77, 'honey4', 'Donec vitae nisi.', '2023-03-19 05:07:29', '2022-06-13 22:31:26', 'Conrado', 'Gherardo');
insert into article_comment (article_id, user_id, content, created_at, modified_at, created_by, modified_by) values (26, 'honey4', 'Aenean fermentum.', '2022-11-23 01:35:24', '2022-08-25 01:49:35', 'Selinda', 'Alick');
insert into article_comment (article_id, user_id, content, created_at, modified_at, created_by, modified_by) values (11, 'honey5', 'Suspendisse potenti. In eleifend quam a odio.', '2023-04-13 09:29:40', '2022-06-03 19:39:59', 'Drew', 'Tom');
insert into article_comment (article_id, user_id, content, created_at, modified_at, created_by, modified_by) values (11, 'honey2', 'Vestibulum ante ipsum primis in faucibus orci luctus et ultrices posuere cubilia Curae; Donec pharetra, magna vestibulum aliquet ultrices, erat tortor sollicitudin mi, sit amet lobortis sapien sapien non mi.', '2022-12-19 15:48:01', '2022-09-29 01:26:11', 'Rad', 'Marijo');
insert into article_comment (article_id, user_id, content, created_at, modified_at, created_by, modified_by) values (36, 'honey3', 'Maecenas pulvinar lobortis est. Phasellus sit amet erat.', '2023-01-01 09:38:12', '2023-02-22 12:40:20', 'Hewe', 'Yvonne');
insert into article_comment (article_id, user_id, content, created_at, modified_at, created_by, modified_by) values (30, 'honey3', 'Integer ac leo.', '2023-02-19 08:05:18', '2023-01-02 18:59:08', 'Nissie', 'Gustavus');
insert into article_comment (article_id, user_id, content, created_at, modified_at, created_by, modified_by) values (56, 'honey1', 'Vestibulum ante ipsum primis in faucibus orci luctus et ultrices posuere cubilia Curae; Mauris viverra diam vitae quam. Suspendisse potenti.', '2023-02-27 15:53:44', '2023-04-21 22:31:59', 'Arvy', 'Auberta');
insert into article_comment (article_id, user_id, content, created_at, modified_at, created_by, modified_by) values (78, 'honey1', 'In congue. Etiam justo.', '2023-01-30 03:40:00', '2023-03-08 20:04:32', 'Merell', 'Case');
insert into article_comment (article_id, user_id, content, created_at, modified_at, created_by, modified_by) values (2, 'honey4', 'Integer pede justo, lacinia eget, tincidunt eget, tempus vel, pede.', '2023-02-06 14:42:19', '2022-09-03 00:28:40', 'Danita', 'Othilia');
insert into article_comment (article_id, user_id, content, created_at, modified_at, created_by, modified_by) values (24, 'honey4', 'Fusce posuere felis sed lacus. Morbi sem mauris, laoreet ut, rhoncus aliquet, pulvinar sed, nisl.', '2023-04-22 04:39:21', '2022-05-30 19:40:33', 'Biron', 'Emanuele');
insert into article_comment (article_id, user_id, content, created_at, modified_at, created_by, modified_by) values (28, 'honey1', 'Phasellus id sapien in sapien iaculis congue.', '2022-07-28 14:41:11', '2022-12-09 10:13:29', 'Lara', 'Kingston');
insert into article_comment (article_id, user_id, content, created_at, modified_at, created_by, modified_by) values (31, 'honey2', 'Donec vitae nisi.', '2022-06-23 17:52:15', '2022-12-13 07:30:27', 'Baxie', 'Cheryl');
insert into article_comment (article_id, user_id, content, created_at, modified_at, created_by, modified_by) values (59, 'honey3', 'Vestibulum ante ipsum primis in faucibus orci luctus et ultrices posuere cubilia Curae; Nulla dapibus dolor vel est. Donec odio justo, sollicitudin ut, suscipit a, feugiat et, eros.', '2023-02-28 22:58:29', '2022-11-24 05:59:16', 'Tiffi', 'Cassaundra');
insert into article_comment (article_id, user_id, content, created_at, modified_at, created_by, modified_by) values (91, 'honey1', 'Vivamus in felis eu sapien cursus vestibulum. Proin eu mi.', '2022-10-09 03:41:02', '2022-07-02 16:39:20', 'Ettore', 'Gweneth');
insert into article_comment (article_id, user_id, content, created_at, modified_at, created_by, modified_by) values (35, 'honey4', 'Morbi vestibulum, velit id pretium iaculis, diam erat fermentum justo, nec condimentum neque sapien placerat ante. Nulla justo.', '2022-12-10 21:09:12', '2023-02-04 01:15:41', 'Taffy', 'Adi');
insert into article_comment (article_id, user_id, content, created_at, modified_at, created_by, modified_by) values (47, 'honey5', 'Morbi odio odio, elementum eu, interdum eu, tincidunt in, leo.', '2022-08-19 03:50:52', '2022-09-19 17:02:09', 'Alvy', 'Cybil');
insert into article_comment (article_id, user_id, content, created_at, modified_at, created_by, modified_by) values (26, 'honey5', 'Vivamus in felis eu sapien cursus vestibulum. Proin eu mi.', '2022-07-12 19:01:02', '2022-11-17 09:38:50', 'Adara', 'Jolee');
insert into article_comment (article_id, user_id, content, created_at, modified_at, created_by, modified_by) values (64, 'honey4', 'Donec posuere metus vitae ipsum. Aliquam non mauris.', '2023-02-15 11:16:47', '2022-10-28 22:46:57', 'Harry', 'Ced');
insert into article_comment (article_id, user_id, content, created_at, modified_at, created_by, modified_by) values (57, 'honey4', 'Cras pellentesque volutpat dui.', '2023-02-14 11:53:01', '2023-03-21 05:48:38', 'Kirsti', 'Rick');
insert into article_comment (article_id, user_id, content, created_at, modified_at, created_by, modified_by) values (54, 'honey3', 'Quisque ut erat.', '2022-12-08 18:30:55', '2022-06-14 02:31:00', 'Sargent', 'Shandee');
insert into article_comment (article_id, user_id, content, created_at, modified_at, created_by, modified_by) values (7, 'honey5', 'Nunc purus. Phasellus in felis.', '2023-04-16 05:10:45', '2023-01-07 21:22:08', 'Ashbey', 'Blaine');
insert into article_comment (article_id, user_id, content, created_at, modified_at, created_by, modified_by) values (16, 'honey3', 'Duis ac nibh.', '2022-12-22 03:06:57', '2022-06-23 21:42:33', 'Clarey', 'Noreen');
insert into article_comment (article_id, user_id, content, created_at, modified_at, created_by, modified_by) values (52, 'honey1', 'Pellentesque ultrices mattis odio. Donec vitae nisi.', '2022-10-22 01:04:26', '2022-10-27 03:05:20', 'Alberta', 'Dewie');
insert into article_comment (article_id, user_id, content, created_at, modified_at, created_by, modified_by) values (48, 'honey1', 'Suspendisse potenti.', '2022-11-15 09:36:21', '2022-11-04 20:47:47', 'Curcio', 'Ricca');
insert into article_comment (article_id, user_id, content, created_at, modified_at, created_by, modified_by) values (33, 'honey5', 'Maecenas leo odio, condimentum id, luctus nec, molestie sed, justo. Pellentesque viverra pede ac diam.', '2023-04-13 16:15:40', '2022-09-09 02:57:19', 'Idell', 'Anetta');
insert into article_comment (article_id, user_id, content, created_at, modified_at, created_by, modified_by) values (2, 'honey1', 'Phasellus id sapien in sapien iaculis congue.', '2022-06-16 14:02:39', '2022-04-29 10:40:12', 'Renie', 'Osmond');
insert into article_comment (article_id, user_id, content, created_at, modified_at, created_by, modified_by) values (42, 'honey4', 'Nulla nisl.', '2022-12-27 07:42:01', '2022-07-04 16:54:45', 'Jonis', 'Leola');
insert into article_comment (article_id, user_id, content, created_at, modified_at, created_by, modified_by) values (17, 'honey2', 'Vivamus vel nulla eget eros elementum pellentesque.', '2023-03-15 16:11:44', '2022-07-15 13:49:43', 'Nicole', 'Antonino');
insert into article_comment (article_id, user_id, content, created_at, modified_at, created_by, modified_by) values (26, 'honey4', 'Nunc rhoncus dui vel sem. Sed sagittis.', '2022-08-06 13:50:32', '2022-09-07 14:19:44', 'Serena', 'Lanae');
insert into article_comment (article_id, user_id, content, created_at, modified_at, created_by, modified_by) values (39, 'honey3', 'Donec quis orci eget orci vehicula condimentum. Curabitur in libero ut massa volutpat convallis.', '2022-08-30 01:39:47', '2022-08-03 06:58:25', 'Warde', 'Bobbi');
insert into article_comment (article_id, user_id, content, created_at, modified_at, created_by, modified_by) values (42, 'honey1', 'Donec ut dolor. Morbi vel lectus in quam fringilla rhoncus.', '2022-11-01 05:36:27', '2022-11-20 18:42:51', 'Zechariah', 'Piper');
insert into article_comment (article_id, user_id, content, created_at, modified_at, created_by, modified_by) values (18, 'honey1', 'Nullam orci pede, venenatis non, sodales sed, tincidunt eu, felis. Fusce posuere felis sed lacus.', '2022-10-28 08:26:05', '2022-06-24 13:47:31', 'Corbet', 'Mateo');
insert into article_comment (article_id, user_id, content, created_at, modified_at, created_by, modified_by) values (35, 'honey1', 'Fusce consequat. Nulla nisl.', '2022-05-08 16:34:07', '2022-07-12 14:20:40', 'Ethel', 'Trudi');
insert into article_comment (article_id, user_id, content, created_at, modified_at, created_by, modified_by) values (67, 'honey5', 'Duis at velit eu est congue elementum.', '2023-02-17 14:47:11', '2023-02-08 22:55:04', 'Caren', 'Chariot');
insert into article_comment (article_id, user_id, content, created_at, modified_at, created_by, modified_by) values (92, 'honey3', 'Nullam molestie nibh in lectus. Pellentesque at nulla.', '2023-03-01 06:48:58', '2022-06-30 00:42:26', 'Rois', 'Minnie');
insert into article_comment (article_id, user_id, content, created_at, modified_at, created_by, modified_by) values (85, 'honey3', 'Quisque id justo sit amet sapien dignissim vestibulum. Vestibulum ante ipsum primis in faucibus orci luctus et ultrices posuere cubilia Curae; Nulla dapibus dolor vel est.', '2023-03-02 15:03:34', '2023-04-10 18:37:56', 'Patty', 'Langsdon');
insert into article_comment (article_id, user_id, content, created_at, modified_at, created_by, modified_by) values (79, 'honey1', 'Etiam faucibus cursus urna. Ut tellus.', '2023-03-16 17:17:33', '2022-10-08 19:41:48', 'Marja', 'Nicki');
insert into article_comment (article_id, user_id, content, created_at, modified_at, created_by, modified_by) values (21, 'honey1', 'Vestibulum ante ipsum primis in faucibus orci luctus et ultrices posuere cubilia Curae; Nulla dapibus dolor vel est.', '2022-09-17 10:41:54', '2022-10-21 02:07:46', 'Karola', 'Anjanette');
insert into article_comment (article_id, user_id, content, created_at, modified_at, created_by, modified_by) values (43, 'honey3', 'Ut at dolor quis odio consequat varius. Integer ac leo.', '2022-12-12 15:11:50', '2022-12-22 04:31:32', 'Rorie', 'Norry');
insert into article_comment (article_id, user_id, content, created_at, modified_at, created_by, modified_by) values (4, 'honey2', 'Proin risus. Praesent lectus.', '2023-03-26 16:11:28', '2022-07-08 01:32:13', 'Kassey', 'Broderic');
insert into article_comment (article_id, user_id, content, created_at, modified_at, created_by, modified_by) values (42, 'honey2', 'Phasellus id sapien in sapien iaculis congue.', '2022-04-27 19:05:49', '2022-08-30 22:25:40', 'Jordan', 'Elihu');
insert into article_comment (article_id, user_id, content, created_at, modified_at, created_by, modified_by) values (34, 'honey4', 'Suspendisse ornare consequat lectus.', '2022-05-12 12:15:45', '2022-06-13 15:13:38', 'Baxter', 'Michelina');
insert into article_comment (article_id, user_id, content, created_at, modified_at, created_by, modified_by) values (36, 'honey2', 'Integer pede justo, lacinia eget, tincidunt eget, tempus vel, pede. Morbi porttitor lorem id ligula.', '2023-03-19 04:56:07', '2023-01-11 20:47:07', 'Barnaby', 'Tish');
insert into article_comment (article_id, user_id, content, created_at, modified_at, created_by, modified_by) values (22, 'honey5', 'Morbi a ipsum.', '2022-05-12 11:35:11', '2022-08-28 01:35:33', 'Doralyn', 'Reider');
insert into article_comment (article_id, user_id, content, created_at, modified_at, created_by, modified_by) values (73, 'honey3', 'Morbi vel lectus in quam fringilla rhoncus.', '2022-10-19 10:24:55', '2022-10-04 08:01:50', 'Alina', 'Shaine');
insert into article_comment (article_id, user_id, content, created_at, modified_at, created_by, modified_by) values (44, 'honey4', 'Duis bibendum, felis sed interdum venenatis, turpis enim blandit mi, in porttitor pede justo eu massa.', '2022-06-16 16:03:13', '2023-01-20 01:03:54', 'Basil', 'Isa');
insert into article_comment (article_id, user_id, content, created_at, modified_at, created_by, modified_by) values (93, 'honey2', 'Donec semper sapien a libero. Nam dui.', '2022-06-04 11:30:54', '2022-06-22 17:56:18', 'Florette', 'Naomi');
insert into article_comment (article_id, user_id, content, created_at, modified_at, created_by, modified_by) values (45, 'honey3', 'Maecenas tristique, est et tempus semper, est quam pharetra magna, ac consequat metus sapien ut nunc. Vestibulum ante ipsum primis in faucibus orci luctus et ultrices posuere cubilia Curae; Mauris viverra diam vitae quam.', '2022-07-14 19:11:24', '2022-06-21 05:36:30', 'Osborn', 'Elnore');
insert into article_comment (article_id, user_id, content, created_at, modified_at, created_by, modified_by) values (70, 'honey5', 'Duis bibendum. Morbi non quam nec dui luctus rutrum.', '2022-05-10 14:36:45', '2022-09-07 07:35:17', 'Tulley', 'Sukey');
insert into article_comment (article_id, user_id, content, created_at, modified_at, created_by, modified_by) values (6, 'honey3', 'Donec posuere metus vitae ipsum. Aliquam non mauris.', '2022-10-07 19:14:08', '2022-05-28 15:43:35', 'Gwennie', 'Kerstin');
insert into article_comment (article_id, user_id, content, created_at, modified_at, created_by, modified_by) values (6, 'honey4', 'Mauris lacinia sapien quis libero.', '2023-02-25 09:27:19', '2022-10-16 22:31:14', 'Lauralee', 'Elizabeth');
insert into article_comment (article_id, user_id, content, created_at, modified_at, created_by, modified_by) values (93, 'honey2', 'Vivamus in felis eu sapien cursus vestibulum.', '2022-04-28 13:05:21', '2022-10-12 03:28:39', 'Ashley', 'Sephira');
insert into article_comment (article_id, user_id, content, created_at, modified_at, created_by, modified_by) values (24, 'honey5', 'Nunc rhoncus dui vel sem. Sed sagittis.', '2023-01-14 16:05:46', '2023-01-19 07:45:16', 'Willabella', 'Shaun');
insert into article_comment (article_id, user_id, content, created_at, modified_at, created_by, modified_by) values (50, 'honey5', 'Quisque erat eros, viverra eget, congue eget, semper rutrum, nulla.', '2022-07-29 07:32:29', '2022-08-13 00:32:07', 'Dougie', 'Carlo');
insert into article_comment (article_id, user_id, content, created_at, modified_at, created_by, modified_by) values (68, 'honey1', 'Morbi vestibulum, velit id pretium iaculis, diam erat fermentum justo, nec condimentum neque sapien placerat ante.', '2022-10-13 09:10:15', '2023-02-11 18:24:29', 'Emmett', 'Coletta');
insert into article_comment (article_id, user_id, content, created_at, modified_at, created_by, modified_by) values (59, 'honey4', 'Maecenas leo odio, condimentum id, luctus nec, molestie sed, justo. Pellentesque viverra pede ac diam.', '2023-04-01 14:47:27', '2022-12-15 12:32:17', 'Fredrick', 'Nikolos');
insert into article_comment (article_id, user_id, content, created_at, modified_at, created_by, modified_by) values (32, 'honey4', 'Integer a nibh.', '2022-11-29 08:28:35', '2023-01-14 22:44:59', 'Brenn', 'Winny');
insert into article_comment (article_id, user_id, content, created_at, modified_at, created_by, modified_by) values (100, 'honey2', 'Donec posuere metus vitae ipsum.', '2023-01-22 03:24:43', '2022-10-28 20:29:03', 'Jonathon', 'Brier');
insert into article_comment (article_id, user_id, content, created_at, modified_at, created_by, modified_by) values (58, 'honey2', 'Vivamus vestibulum sagittis sapien. Cum sociis natoque penatibus et magnis dis parturient montes, nascetur ridiculus mus.', '2023-03-18 00:16:17', '2022-11-04 19:11:59', 'Laurette', 'Dari');
insert into article_comment (article_id, user_id, content, created_at, modified_at, created_by, modified_by) values (51, 'honey5', 'Pellentesque at nulla. Suspendisse potenti.', '2022-09-23 18:07:59', '2022-12-13 04:57:12', 'Dean', 'Willem');
insert into article_comment (article_id, user_id, content, created_at, modified_at, created_by, modified_by) values (27, 'honey2', 'In hac habitasse platea dictumst.', '2022-05-02 20:44:53', '2022-07-22 23:46:47', 'Jillie', 'Vinita');
insert into article_comment (article_id, user_id, content, created_at, modified_at, created_by, modified_by) values (10, 'honey1', 'Pellentesque ultrices mattis odio.', '2022-07-20 13:27:14', '2023-02-10 03:29:44', 'Magdalene', 'Jerrie');
insert into article_comment (article_id, user_id, content, created_at, modified_at, created_by, modified_by) values (17, 'honey3', 'Praesent lectus.', '2023-04-20 19:16:09', '2023-02-23 21:56:14', 'Brina', 'Ari');
insert into article_comment (article_id, user_id, content, created_at, modified_at, created_by, modified_by) values (96, 'honey5', 'Integer non velit. Donec diam neque, vestibulum eget, vulputate ut, ultrices vel, augue.', '2023-03-06 01:23:54', '2022-12-14 22:34:19', 'Livvy', 'Yoshiko');
insert into article_comment (article_id, user_id, content, created_at, modified_at, created_by, modified_by) values (59, 'honey3', 'Mauris sit amet eros.', '2022-08-12 02:01:38', '2022-12-20 02:04:29', 'Braden', 'Fionna');
insert into article_comment (article_id, user_id, content, created_at, modified_at, created_by, modified_by) values (9, 'honey2', 'Cras pellentesque volutpat dui.', '2022-10-07 01:53:37', '2022-10-29 13:39:37', 'Tawnya', 'Ludovico');
insert into article_comment (article_id, user_id, content, created_at, modified_at, created_by, modified_by) values (89, 'honey3', 'Integer ac neque.', '2022-06-09 06:14:24', '2022-07-11 00:30:58', 'Sasha', 'Mel');
insert into article_comment (article_id, user_id, content, created_at, modified_at, created_by, modified_by) values (46, 'honey5', 'Sed sagittis. Nam congue, risus semper porta volutpat, quam pede lobortis ligula, sit amet eleifend pede libero quis orci.', '2022-07-17 05:26:03', '2022-06-02 08:57:17', 'Storm', 'Haley');
insert into article_comment (article_id, user_id, content, created_at, modified_at, created_by, modified_by) values (94, 'honey1', 'Duis at velit eu est congue elementum. In hac habitasse platea dictumst.', '2022-08-07 21:35:30', '2023-01-16 10:20:44', 'Abner', 'Fritz');
insert into article_comment (article_id, user_id, content, created_at, modified_at, created_by, modified_by) values (43, 'honey1', 'Etiam pretium iaculis justo.', '2022-08-20 16:21:52', '2023-02-18 14:53:34', 'Danette', 'Gan');
insert into article_comment (article_id, user_id, content, created_at, modified_at, created_by, modified_by) values (16, 'honey5', 'Cras in purus eu magna vulputate luctus. Cum sociis natoque penatibus et magnis dis parturient montes, nascetur ridiculus mus.', '2023-01-29 22:17:28', '2022-11-07 20:02:44', 'Elke', 'Goldie');
insert into article_comment (article_id, user_id, content, created_at, modified_at, created_by, modified_by) values (4, 'honey4', 'Vivamus in felis eu sapien cursus vestibulum.', '2023-04-18 16:35:35', '2022-06-16 20:11:34', 'Cy', 'Rod');
insert into article_comment (article_id, user_id, content, created_at, modified_at, created_by, modified_by) values (91, 'honey3', 'Etiam vel augue.', '2022-06-04 20:46:34', '2022-08-10 01:19:48', 'Jessa', 'Alf');
insert into article_comment (article_id, user_id, content, created_at, modified_at, created_by, modified_by) values (51, 'honey3', 'Nam nulla.', '2023-01-06 18:11:45', '2022-11-17 05:35:27', 'Mabel', 'Marje');
insert into article_comment (article_id, user_id, content, created_at, modified_at, created_by, modified_by) values (25, 'honey2', 'Nullam porttitor lacus at turpis. Donec posuere metus vitae ipsum.', '2022-08-29 00:23:03', '2022-09-09 09:09:50', 'Diena', 'Leroy');
insert into article_comment (article_id, user_id, content, created_at, modified_at, created_by, modified_by) values (35, 'honey2', 'Nunc purus. Phasellus in felis.', '2022-07-19 14:06:03', '2022-11-19 07:27:24', 'Dion', 'Cecelia');
insert into article_comment (article_id, user_id, content, created_at, modified_at, created_by, modified_by) values (81, 'honey3', 'Donec ut dolor. Morbi vel lectus in quam fringilla rhoncus.', '2022-09-06 14:04:38', '2023-02-07 13:38:20', 'Helaina', 'Evvie');
insert into article_comment (article_id, user_id, content, created_at, modified_at, created_by, modified_by) values (65, 'honey1', 'Suspendisse potenti.', '2022-06-09 06:31:37', '2022-08-26 13:59:31', 'Judie', 'Billie');
insert into article_comment (article_id, user_id, content, created_at, modified_at, created_by, modified_by) values (18, 'honey5', 'Integer pede justo, lacinia eget, tincidunt eget, tempus vel, pede.', '2022-06-15 01:42:16', '2022-10-31 20:49:25', 'Eugenius', 'Paddy');
insert into article_comment (article_id, user_id, content, created_at, modified_at, created_by, modified_by) values (76, 'honey2', 'Pellentesque eget nunc. Donec quis orci eget orci vehicula condimentum.', '2023-03-27 21:13:03', '2022-06-12 22:36:06', 'Sherwin', 'Renaldo');
insert into article_comment (article_id, user_id, content, created_at, modified_at, created_by, modified_by) values (31, 'honey2', 'Duis ac nibh.', '2022-06-06 00:09:54', '2022-09-16 14:28:21', 'Marrissa', 'Adham');
insert into article_comment (article_id, user_id, content, created_at, modified_at, created_by, modified_by) values (86, 'honey5', 'Nulla neque libero, convallis eget, eleifend luctus, ultricies eu, nibh. Quisque id justo sit amet sapien dignissim vestibulum.', '2022-07-24 08:23:30', '2022-10-23 14:01:26', 'Rosabel', 'Hilde');
insert into article_comment (article_id, user_id, content, created_at, modified_at, created_by, modified_by) values (15, 'honey3', 'Suspendisse ornare consequat lectus. In est risus, auctor sed, tristique in, tempus sit amet, sem.', '2022-11-14 21:02:16', '2022-06-04 18:57:05', 'Marty', 'Kirk');
insert into article_comment (article_id, user_id, content, created_at, modified_at, created_by, modified_by) values (34, 'honey4', 'Fusce congue, diam id ornare imperdiet, sapien urna pretium nisl, ut volutpat sapien arcu sed augue.', '2022-04-29 05:21:04', '2023-02-15 01:22:13', 'Tildie', 'Ganny');
insert into article_comment (article_id, user_id, content, created_at, modified_at, created_by, modified_by) values (100, 'honey3', 'Donec semper sapien a libero.', '2023-01-10 17:47:28', '2022-06-08 20:48:09', 'Jorry', 'Lem');
insert into article_comment (article_id, user_id, content, created_at, modified_at, created_by, modified_by) values (22, 'honey5', 'Cum sociis natoque penatibus et magnis dis parturient montes, nascetur ridiculus mus.', '2023-02-01 07:05:35', '2022-12-14 17:54:48', 'Humfrid', 'Vail');
insert into article_comment (article_id, user_id, content, created_at, modified_at, created_by, modified_by) values (4, 'honey5', 'Integer pede justo, lacinia eget, tincidunt eget, tempus vel, pede. Morbi porttitor lorem id ligula.', '2022-10-16 09:29:51', '2022-08-16 10:39:06', 'Annecorinne', 'Tybalt');
insert into article_comment (article_id, user_id, content, created_at, modified_at, created_by, modified_by) values (58, 'honey4', 'Donec quis orci eget orci vehicula condimentum. Curabitur in libero ut massa volutpat convallis.', '2023-04-15 04:37:46', '2022-11-15 13:32:03', 'Erik', 'Bartholomeo');
insert into article_comment (article_id, user_id, content, created_at, modified_at, created_by, modified_by) values (48, 'honey5', 'Curabitur convallis.', '2022-09-03 06:24:46', '2023-04-13 12:28:59', 'Trueman', 'Pamella');
insert into article_comment (article_id, user_id, content, created_at, modified_at, created_by, modified_by) values (81, 'honey2', 'Praesent lectus.', '2022-08-25 19:00:23', '2022-05-22 16:15:11', 'Noam', 'Rossy');
insert into article_comment (article_id, user_id, content, created_at, modified_at, created_by, modified_by) values (51, 'honey5', 'Cum sociis natoque penatibus et magnis dis parturient montes, nascetur ridiculus mus. Etiam vel augue.', '2022-05-08 05:01:51', '2022-09-26 23:46:22', 'Gal', 'Worthy');
insert into article_comment (article_id, user_id, content, created_at, modified_at, created_by, modified_by) values (37, 'honey2', 'Nam nulla. Integer pede justo, lacinia eget, tincidunt eget, tempus vel, pede.', '2022-12-08 20:05:25', '2023-02-05 16:07:39', 'Ariela', 'Adler');
insert into article_comment (article_id, user_id, content, created_at, modified_at, created_by, modified_by) values (41, 'honey2', 'Phasellus id sapien in sapien iaculis congue.', '2023-04-05 01:40:08', '2022-11-07 05:23:31', 'Iggy', 'Linette');
