insert into user_account (user_id, user_password, email, nickname, memo, created_at, created_by, modified_at, modified_by) values ('honey1', '{noop}pw1', 'cobington0@pagesperso-orange.fr', 'Nicolette', 'Ricardo García Posada Airport', '2023-01-18 19:12:10', 'Rudie', '2022-12-28 09:47:06', 'Collen');
insert into user_account (user_id, user_password, email, nickname, memo, created_at, created_by, modified_at, modified_by) values ('honey2', '{noop}pw2', 'jtrase1@msu.edu', 'Rachel', 'Ulsan Airport', '2022-11-29 17:01:33', 'Martha', '2022-06-12 21:52:50', 'Joell');
insert into user_account (user_id, user_password, email, nickname, memo, created_at, created_by, modified_at, modified_by) values ('honey3', '{noop}pw3', 'cpinniger2@sourceforge.net', 'Dee', 'Dera Ismael Khan Airport', '2022-08-16 21:02:31', 'Bobbye', '2022-06-02 23:52:07', 'Cello');
insert into user_account (user_id, user_password, email, nickname, memo, created_at, created_by, modified_at, modified_by) values ('honey4', '{noop}pw4', 'scarlozzi3@amazon.co.jp', 'Carla', 'Bursa Airport', '2022-07-21 13:04:41', 'Boony', '2023-01-08 21:13:19', 'Stanislaus');
insert into user_account (user_id, user_password, email, nickname, memo, created_at, created_by, modified_at, modified_by) values ('honey5', '{noop}pw5', 'jiacovelli4@cbsnews.com', 'Suellen', 'North Central State Airport', '2022-10-21 18:40:13', 'Richmond', '2023-03-12 03:57:05', 'Jamie');

insert into article (user_id, title, content, created_at, modified_at, created_by, modified_by) values ('honey1', 'Hit the Bank (Vabank)', 'Mauris lacinia sapien quis libero. Nullam sit amet turpis elementum ligula vehicula consequat. Morbi a ipsum. Integer a nibh. In quis justo. Maecenas rhoncus aliquam lacus. Morbi quis tortor id nulla ultrices aliquet. Maecenas leo odio, condimentum id, luctus nec, molestie sed, justo. Pellentesque viverra pede ac diam.', '2022-06-26 14:15:42', '2023-04-14 14:51:47', 'Jeffrey', 'Mellicent');
insert into article (user_id, title, content, created_at, modified_at, created_by, modified_by) values ('honey2', 'Fuga de cerebros', 'Nulla tempus. Vivamus in felis eu sapien cursus vestibulum. Proin eu mi. Nulla ac enim. In tempor, turpis nec euismod scelerisque, quam turpis adipiscing lorem, vitae mattis nibh ligula nec sem. Duis aliquam convallis nunc. Proin at turpis a pede posuere nonummy. Integer non velit. Donec diam neque, vestibulum eget, vulputate ut, ultrices vel, augue. Vestibulum ante ipsum primis in faucibus orci luctus et ultrices posuere cubilia Curae; Donec pharetra, magna vestibulum aliquet ultrices, erat tortor sollicitudin mi, sit amet lobortis sapien sapien non mi.', '2023-04-08 03:41:09', '2022-06-20 05:46:52', 'Antin', 'Ronny');
insert into article (user_id, title, content, created_at, modified_at, created_by, modified_by) values ('honey4', 'The Living Magoroku', 'Fusce posuere felis sed lacus.', '2022-05-08 00:14:40', '2022-07-19 07:19:49', 'Leanor', 'Marie-jeanne');
insert into article (user_id, title, content, created_at, modified_at, created_by, modified_by) values ('honey1', 'Sexmission (Seksmisja)', 'Integer non velit. Donec diam neque, vestibulum eget, vulputate ut, ultrices vel, augue.', '2023-02-23 23:57:49', '2022-05-15 20:54:14', 'Berni', 'Edin');
insert into article (user_id, title, content, created_at, modified_at, created_by, modified_by) values ('honey3', 'Erkan & Stefan 3', 'Sed sagittis. Nam congue, risus semper porta volutpat, quam pede lobortis ligula, sit amet eleifend pede libero quis orci. Nullam molestie nibh in lectus. Pellentesque at nulla. Suspendisse potenti. Cras in purus eu magna vulputate luctus. Cum sociis natoque penatibus et magnis dis parturient montes, nascetur ridiculus mus.', '2022-08-30 23:54:32', '2023-01-19 11:47:28', 'Matthias', 'Minne');
insert into article (user_id, title, content, created_at, modified_at, created_by, modified_by) values ('honey2', 'Spider-Man: The Ultimate Villain Showdown', 'Curabitur gravida nisi at nibh. In hac habitasse platea dictumst. Aliquam augue quam, sollicitudin vitae, consectetuer eget, rutrum at, lorem.', '2023-01-29 22:53:54', '2023-01-31 18:53:31', 'Yorke', 'Vassily');
insert into article (user_id, title, content, created_at, modified_at, created_by, modified_by) values ('honey3', 'Albuquerque', 'Curabitur in libero ut massa volutpat convallis. Morbi odio odio, elementum eu, interdum eu, tincidunt in, leo. Maecenas pulvinar lobortis est. Phasellus sit amet erat. Nulla tempus.', '2023-03-19 21:58:59', '2022-07-14 18:00:17', 'Valerye', 'Sacha');
insert into article (user_id, title, content, created_at, modified_at, created_by, modified_by) values ('honey1', 'Manhunt', 'Integer non velit. Donec diam neque, vestibulum eget, vulputate ut, ultrices vel, augue. Vestibulum ante ipsum primis in faucibus orci luctus et ultrices posuere cubilia Curae; Donec pharetra, magna vestibulum aliquet ultrices, erat tortor sollicitudin mi, sit amet lobortis sapien sapien non mi. Integer ac neque. Duis bibendum. Morbi non quam nec dui luctus rutrum. Nulla tellus. In sagittis dui vel nisl.', '2022-06-25 00:32:49', '2022-09-13 05:53:37', 'Lambert', 'Arv');
insert into article (user_id, title, content, created_at, modified_at, created_by, modified_by) values ('honey5', 'Warlock: The Armageddon', 'Donec quis orci eget orci vehicula condimentum. Curabitur in libero ut massa volutpat convallis.', '2022-09-09 16:40:35', '2022-08-05 05:13:45', 'Clareta', 'Austin');
insert into article (user_id, title, content, created_at, modified_at, created_by, modified_by) values ('honey4', 'Decoys 2: Alien Seduction ', 'Etiam justo. Etiam pretium iaculis justo. In hac habitasse platea dictumst. Etiam faucibus cursus urna. Ut tellus. Nulla ut erat id mauris vulputate elementum. Nullam varius. Nulla facilisi.', '2023-03-26 19:31:10', '2022-07-21 22:19:56', 'Gracie', 'Pembroke');
insert into article (user_id, title, content, created_at, modified_at, created_by, modified_by) values ('honey4', 'Walk in the Sun, A', 'Aliquam erat volutpat. In congue. Etiam justo. Etiam pretium iaculis justo. In hac habitasse platea dictumst.', '2023-03-06 01:13:34', '2022-06-24 23:24:15', 'Carolus', 'Francklyn');
insert into article (user_id, title, content, created_at, modified_at, created_by, modified_by) values ('honey3', 'Electroma', 'Phasellus id sapien in sapien iaculis congue. Vivamus metus arcu, adipiscing molestie, hendrerit at, vulputate vitae, nisl. Aenean lectus. Pellentesque eget nunc. Donec quis orci eget orci vehicula condimentum. Curabitur in libero ut massa volutpat convallis. Morbi odio odio, elementum eu, interdum eu, tincidunt in, leo. Maecenas pulvinar lobortis est. Phasellus sit amet erat. Nulla tempus.', '2023-03-01 23:26:52', '2022-09-29 12:00:17', 'Blisse', 'Jule');
insert into article (user_id, title, content, created_at, modified_at, created_by, modified_by) values ('honey1', 'Balls of Fury', 'Vestibulum rutrum rutrum neque.', '2023-03-01 05:03:22', '2023-04-01 00:12:19', 'Elli', 'Karoly');
insert into article (user_id, title, content, created_at, modified_at, created_by, modified_by) values ('honey5', '6954 Kilometriä Kotiin', 'In hac habitasse platea dictumst.', '2022-07-25 11:12:15', '2022-09-18 11:36:37', 'Gaby', 'Darwin');
insert into article (user_id, title, content, created_at, modified_at, created_by, modified_by) values ('honey1', 'Fireflies in the Garden', 'Vivamus in felis eu sapien cursus vestibulum. Proin eu mi. Nulla ac enim.', '2022-09-07 21:47:59', '2023-03-04 11:57:37', 'Trudie', 'Joell');
insert into article (user_id, title, content, created_at, modified_at, created_by, modified_by) values ('honey2', 'We Can Be Heroes', 'Nulla mollis molestie lorem. Quisque ut erat. Curabitur gravida nisi at nibh. In hac habitasse platea dictumst. Aliquam augue quam, sollicitudin vitae, consectetuer eget, rutrum at, lorem. Integer tincidunt ante vel ipsum. Praesent blandit lacinia erat. Vestibulum sed magna at nunc commodo placerat. Praesent blandit. Nam nulla.', '2022-11-29 03:55:18', '2022-08-11 21:45:10', 'Bambi', 'Fredric');
insert into article (user_id, title, content, created_at, modified_at, created_by, modified_by) values ('honey2', 'Hollidaysburg', 'Morbi non quam nec dui luctus rutrum. Nulla tellus. In sagittis dui vel nisl.', '2022-05-15 05:03:26', '2023-04-14 23:56:58', 'Emlyn', 'Lettie');
insert into article (user_id, title, content, created_at, modified_at, created_by, modified_by) values ('honey1', 'Lords of Flatbush, The', 'In est risus, auctor sed, tristique in, tempus sit amet, sem.', '2022-11-11 00:09:35', '2023-03-04 13:11:17', 'Reg', 'Michaelina');
insert into article (user_id, title, content, created_at, modified_at, created_by, modified_by) values ('honey2', 'Corner Gas: The Movie', 'Morbi quis tortor id nulla ultrices aliquet. Maecenas leo odio, condimentum id, luctus nec, molestie sed, justo. Pellentesque viverra pede ac diam.', '2023-02-01 06:28:03', '2023-02-07 08:29:55', 'Baudoin', 'Phaidra');
insert into article (user_id, title, content, created_at, modified_at, created_by, modified_by) values ('honey3', 'Crash Dive', 'Quisque ut erat.', '2022-11-14 17:37:27', '2022-09-16 04:32:08', 'Bambie', 'Gabe');
insert into article (user_id, title, content, created_at, modified_at, created_by, modified_by) values ('honey1', 'Private Benjamin', 'Fusce posuere felis sed lacus. Morbi sem mauris, laoreet ut, rhoncus aliquet, pulvinar sed, nisl. Nunc rhoncus dui vel sem. Sed sagittis. Nam congue, risus semper porta volutpat, quam pede lobortis ligula, sit amet eleifend pede libero quis orci. Nullam molestie nibh in lectus. Pellentesque at nulla. Suspendisse potenti. Cras in purus eu magna vulputate luctus.', '2022-05-16 19:04:12', '2022-10-02 11:55:10', 'Clementina', 'Merrielle');
insert into article (user_id, title, content, created_at, modified_at, created_by, modified_by) values ('honey3', 'Counterfeit Traitor, The', 'Nam dui.', '2022-11-06 04:54:11', '2023-01-23 04:23:57', 'Martguerita', 'Lira');
insert into article (user_id, title, content, created_at, modified_at, created_by, modified_by) values ('honey2', 'Warrendale', 'Nulla neque libero, convallis eget, eleifend luctus, ultricies eu, nibh. Quisque id justo sit amet sapien dignissim vestibulum. Vestibulum ante ipsum primis in faucibus orci luctus et ultrices posuere cubilia Curae; Nulla dapibus dolor vel est.', '2022-09-26 02:26:43', '2023-03-08 14:55:48', 'Merla', 'Gabriell');
insert into article (user_id, title, content, created_at, modified_at, created_by, modified_by) values ('honey2', 'Direct from Brooklyn', 'Aliquam non mauris. Morbi non lectus. Aliquam sit amet diam in magna bibendum imperdiet. Nullam orci pede, venenatis non, sodales sed, tincidunt eu, felis. Fusce posuere felis sed lacus. Morbi sem mauris, laoreet ut, rhoncus aliquet, pulvinar sed, nisl. Nunc rhoncus dui vel sem. Sed sagittis.', '2022-08-04 07:25:16', '2022-08-11 05:50:46', 'Carolynn', 'Travers');
insert into article (user_id, title, content, created_at, modified_at, created_by, modified_by) values ('honey5', 'Scanners III: The Takeover (Scanner Force)', 'Suspendisse ornare consequat lectus. In est risus, auctor sed, tristique in, tempus sit amet, sem. Fusce consequat.', '2022-11-05 09:08:32', '2022-07-17 18:30:35', 'Levi', 'Pepillo');
insert into article (user_id, title, content, created_at, modified_at, created_by, modified_by) values ('honey3', 'Ambush (Rukajärven tie)', 'Maecenas pulvinar lobortis est. Phasellus sit amet erat. Nulla tempus. Vivamus in felis eu sapien cursus vestibulum.', '2022-08-31 10:24:39', '2022-06-14 21:07:38', 'Emile', 'Giles');
insert into article (user_id, title, content, created_at, modified_at, created_by, modified_by) values ('honey1', 'Mating of Millie, The', 'Nulla tempus. Vivamus in felis eu sapien cursus vestibulum. Proin eu mi. Nulla ac enim. In tempor, turpis nec euismod scelerisque, quam turpis adipiscing lorem, vitae mattis nibh ligula nec sem. Duis aliquam convallis nunc. Proin at turpis a pede posuere nonummy. Integer non velit. Donec diam neque, vestibulum eget, vulputate ut, ultrices vel, augue.', '2023-02-14 17:11:28', '2023-02-09 17:50:28', 'Matelda', 'Cornell');
insert into article (user_id, title, content, created_at, modified_at, created_by, modified_by) values ('honey1', 'Mister Magoo''s Christmas Carol', 'Fusce congue, diam id ornare imperdiet, sapien urna pretium nisl, ut volutpat sapien arcu sed augue.', '2023-04-23 23:34:34', '2023-01-21 18:15:43', 'Emlyn', 'Lilas');
insert into article (user_id, title, content, created_at, modified_at, created_by, modified_by) values ('honey3', 'Bitch, The (La chienne)', 'Duis aliquam convallis nunc. Proin at turpis a pede posuere nonummy. Integer non velit. Donec diam neque, vestibulum eget, vulputate ut, ultrices vel, augue. Vestibulum ante ipsum primis in faucibus orci luctus et ultrices posuere cubilia Curae; Donec pharetra, magna vestibulum aliquet ultrices, erat tortor sollicitudin mi, sit amet lobortis sapien sapien non mi. Integer ac neque. Duis bibendum. Morbi non quam nec dui luctus rutrum.', '2022-11-09 08:44:14', '2022-11-21 05:53:29', 'Fonsie', 'Bennie');
insert into article (user_id, title, content, created_at, modified_at, created_by, modified_by) values ('honey3', 'Bottle Rocket', 'Vestibulum ante ipsum primis in faucibus orci luctus et ultrices posuere cubilia Curae; Mauris viverra diam vitae quam. Suspendisse potenti. Nullam porttitor lacus at turpis. Donec posuere metus vitae ipsum. Aliquam non mauris. Morbi non lectus. Aliquam sit amet diam in magna bibendum imperdiet. Nullam orci pede, venenatis non, sodales sed, tincidunt eu, felis.', '2022-09-07 11:03:30', '2022-11-07 09:19:51', 'Frankie', 'Carry');
insert into article (user_id, title, content, created_at, modified_at, created_by, modified_by) values ('honey5', 'Simon Says', 'Vestibulum ante ipsum primis in faucibus orci luctus et ultrices posuere cubilia Curae; Mauris viverra diam vitae quam.', '2023-04-09 01:42:59', '2023-01-24 05:32:29', 'Rora', 'Fowler');
insert into article (user_id, title, content, created_at, modified_at, created_by, modified_by) values ('honey1', 'American Beauty', 'Suspendisse potenti.', '2022-04-25 17:23:59', '2022-12-31 05:01:40', 'Ethe', 'Geri');
insert into article (user_id, title, content, created_at, modified_at, created_by, modified_by) values ('honey1', 'Metropolis', 'Nullam sit amet turpis elementum ligula vehicula consequat. Morbi a ipsum. Integer a nibh. In quis justo. Maecenas rhoncus aliquam lacus.', '2022-12-21 11:28:48', '2022-12-29 13:26:48', 'Anatole', 'Ikey');
insert into article (user_id, title, content, created_at, modified_at, created_by, modified_by) values ('honey5', 'Return of the Musketeers, The', 'Vivamus tortor. Duis mattis egestas metus. Aenean fermentum.', '2023-01-07 00:40:16', '2022-08-03 02:22:32', 'Ewen', 'Ranna');
insert into article (user_id, title, content, created_at, modified_at, created_by, modified_by) values ('honey2', 'Prometheus', 'Nullam porttitor lacus at turpis. Donec posuere metus vitae ipsum. Aliquam non mauris. Morbi non lectus. Aliquam sit amet diam in magna bibendum imperdiet. Nullam orci pede, venenatis non, sodales sed, tincidunt eu, felis. Fusce posuere felis sed lacus. Morbi sem mauris, laoreet ut, rhoncus aliquet, pulvinar sed, nisl. Nunc rhoncus dui vel sem.', '2022-05-27 00:59:28', '2022-05-11 10:51:44', 'Prudy', 'Dew');
insert into article (user_id, title, content, created_at, modified_at, created_by, modified_by) values ('honey1', 'Nowhere to Run', 'Ut at dolor quis odio consequat varius. Integer ac leo. Pellentesque ultrices mattis odio. Donec vitae nisi. Nam ultrices, libero non mattis pulvinar, nulla pede ullamcorper augue, a suscipit nulla elit ac nulla. Sed vel enim sit amet nunc viverra dapibus. Nulla suscipit ligula in lacus. Curabitur at ipsum ac tellus semper interdum.', '2022-05-11 03:11:30', '2022-10-28 15:53:47', 'Neville', 'Laurence');
insert into article (user_id, title, content, created_at, modified_at, created_by, modified_by) values ('honey5', 'Battle of Los Angeles', 'Proin at turpis a pede posuere nonummy. Integer non velit. Donec diam neque, vestibulum eget, vulputate ut, ultrices vel, augue. Vestibulum ante ipsum primis in faucibus orci luctus et ultrices posuere cubilia Curae; Donec pharetra, magna vestibulum aliquet ultrices, erat tortor sollicitudin mi, sit amet lobortis sapien sapien non mi. Integer ac neque. Duis bibendum. Morbi non quam nec dui luctus rutrum. Nulla tellus.', '2022-12-29 04:08:15', '2022-04-27 12:30:16', 'Mignon', 'Sammy');
insert into article (user_id, title, content, created_at, modified_at, created_by, modified_by) values ('honey2', 'Howling IV: The Original Nightmare', 'Nulla suscipit ligula in lacus. Curabitur at ipsum ac tellus semper interdum. Mauris ullamcorper purus sit amet nulla. Quisque arcu libero, rutrum ac, lobortis vel, dapibus at, diam.', '2022-07-22 09:45:15', '2022-11-23 23:28:25', 'Danice', 'Yasmeen');
insert into article (user_id, title, content, created_at, modified_at, created_by, modified_by) values ('honey2', 'Above Suspicion', 'Etiam faucibus cursus urna.', '2022-09-21 10:32:32', '2022-05-06 23:21:21', 'Gavan', 'Caryl');
insert into article (user_id, title, content, created_at, modified_at, created_by, modified_by) values ('honey2', 'Up the Yangtze', 'Morbi quis tortor id nulla ultrices aliquet. Maecenas leo odio, condimentum id, luctus nec, molestie sed, justo. Pellentesque viverra pede ac diam. Cras pellentesque volutpat dui. Maecenas tristique, est et tempus semper, est quam pharetra magna, ac consequat metus sapien ut nunc. Vestibulum ante ipsum primis in faucibus orci luctus et ultrices posuere cubilia Curae; Mauris viverra diam vitae quam. Suspendisse potenti.', '2022-05-26 13:01:50', '2022-08-14 23:15:50', 'Glyn', 'Karlotta');
insert into article (user_id, title, content, created_at, modified_at, created_by, modified_by) values ('honey2', 'Madness of King George, The', 'Integer tincidunt ante vel ipsum.', '2022-07-11 14:08:21', '2023-01-22 05:04:59', 'Garik', 'Cesare');
insert into article (user_id, title, content, created_at, modified_at, created_by, modified_by) values ('honey3', '3 Worlds of Gulliver, The', 'Quisque porta volutpat erat. Quisque erat eros, viverra eget, congue eget, semper rutrum, nulla. Nunc purus.', '2022-10-17 09:14:02', '2022-08-27 11:16:00', 'Eldridge', 'Nikaniki');
insert into article (user_id, title, content, created_at, modified_at, created_by, modified_by) values ('honey1', 'Another 48 Hrs.', 'Donec diam neque, vestibulum eget, vulputate ut, ultrices vel, augue. Vestibulum ante ipsum primis in faucibus orci luctus et ultrices posuere cubilia Curae; Donec pharetra, magna vestibulum aliquet ultrices, erat tortor sollicitudin mi, sit amet lobortis sapien sapien non mi. Integer ac neque. Duis bibendum. Morbi non quam nec dui luctus rutrum. Nulla tellus.', '2022-05-23 16:00:19', '2022-04-25 17:34:00', 'Corissa', 'Maggie');
insert into article (user_id, title, content, created_at, modified_at, created_by, modified_by) values ('honey4', 'Paranormal Activity: The Marked Ones', 'Proin at turpis a pede posuere nonummy. Integer non velit. Donec diam neque, vestibulum eget, vulputate ut, ultrices vel, augue. Vestibulum ante ipsum primis in faucibus orci luctus et ultrices posuere cubilia Curae; Donec pharetra, magna vestibulum aliquet ultrices, erat tortor sollicitudin mi, sit amet lobortis sapien sapien non mi. Integer ac neque. Duis bibendum. Morbi non quam nec dui luctus rutrum.', '2022-05-29 01:55:47', '2023-01-24 11:59:41', 'Mandel', 'Kristo');
insert into article (user_id, title, content, created_at, modified_at, created_by, modified_by) values ('honey4', 'Leviathan', 'Nullam orci pede, venenatis non, sodales sed, tincidunt eu, felis. Fusce posuere felis sed lacus.', '2023-04-04 16:07:14', '2023-03-14 07:36:27', 'Ethelred', 'Carlota');
insert into article (user_id, title, content, created_at, modified_at, created_by, modified_by) values ('honey1', 'Low Life', 'Maecenas pulvinar lobortis est. Phasellus sit amet erat. Nulla tempus. Vivamus in felis eu sapien cursus vestibulum. Proin eu mi. Nulla ac enim. In tempor, turpis nec euismod scelerisque, quam turpis adipiscing lorem, vitae mattis nibh ligula nec sem. Duis aliquam convallis nunc. Proin at turpis a pede posuere nonummy.', '2022-07-28 14:13:02', '2022-05-10 18:27:58', 'Kele', 'Cary');
insert into article (user_id, title, content, created_at, modified_at, created_by, modified_by) values ('honey5', 'Road to El Dorado, The', 'Donec ut dolor. Morbi vel lectus in quam fringilla rhoncus. Mauris enim leo, rhoncus sed, vestibulum sit amet, cursus id, turpis. Integer aliquet, massa id lobortis convallis, tortor risus dapibus augue, vel accumsan tellus nisi eu orci. Mauris lacinia sapien quis libero. Nullam sit amet turpis elementum ligula vehicula consequat. Morbi a ipsum. Integer a nibh. In quis justo.', '2023-02-27 10:37:03', '2022-05-20 23:40:29', 'Dierdre', 'Aundrea');
insert into article (user_id, title, content, created_at, modified_at, created_by, modified_by) values ('honey3', 'Volcano High (Whasango)', 'Maecenas rhoncus aliquam lacus. Morbi quis tortor id nulla ultrices aliquet. Maecenas leo odio, condimentum id, luctus nec, molestie sed, justo. Pellentesque viverra pede ac diam. Cras pellentesque volutpat dui.', '2022-05-11 15:32:04', '2022-08-16 14:42:25', 'Leona', 'Flss');
insert into article (user_id, title, content, created_at, modified_at, created_by, modified_by) values ('honey1', 'Lineup, The', 'In hac habitasse platea dictumst. Aliquam augue quam, sollicitudin vitae, consectetuer eget, rutrum at, lorem. Integer tincidunt ante vel ipsum. Praesent blandit lacinia erat. Vestibulum sed magna at nunc commodo placerat. Praesent blandit.', '2022-12-06 05:24:41', '2023-04-20 10:31:37', 'Wain', 'Fae');
insert into article (user_id, title, content, created_at, modified_at, created_by, modified_by) values ('honey3', 'Do You Like Hitchcock? (Ti piace Hitchcock?)', 'Aliquam non mauris. Morbi non lectus.', '2022-04-26 07:38:39', '2022-04-27 09:01:07', 'Desmond', 'Horten');
insert into article (user_id, title, content, created_at, modified_at, created_by, modified_by) values ('honey4', 'Paul Blart: Mall Cop', 'Phasellus sit amet erat. Nulla tempus. Vivamus in felis eu sapien cursus vestibulum. Proin eu mi. Nulla ac enim. In tempor, turpis nec euismod scelerisque, quam turpis adipiscing lorem, vitae mattis nibh ligula nec sem.', '2022-11-06 05:10:34', '2023-02-16 15:15:12', 'Hedvig', 'Tyne');
insert into article (user_id, title, content, created_at, modified_at, created_by, modified_by) values ('honey4', 'Chaos Theory', 'Aliquam quis turpis eget elit sodales scelerisque. Mauris sit amet eros. Suspendisse accumsan tortor quis turpis. Sed ante. Vivamus tortor. Duis mattis egestas metus.', '2022-06-12 07:57:50', '2022-09-09 05:01:21', 'Freddi', 'Niall');
insert into article (user_id, title, content, created_at, modified_at, created_by, modified_by) values ('honey5', 'Alligator People, The', 'Integer aliquet, massa id lobortis convallis, tortor risus dapibus augue, vel accumsan tellus nisi eu orci. Mauris lacinia sapien quis libero. Nullam sit amet turpis elementum ligula vehicula consequat. Morbi a ipsum. Integer a nibh. In quis justo. Maecenas rhoncus aliquam lacus. Morbi quis tortor id nulla ultrices aliquet.', '2022-08-23 17:39:43', '2022-11-22 08:29:10', 'Jeniffer', 'Rodd');
insert into article (user_id, title, content, created_at, modified_at, created_by, modified_by) values ('honey1', 'Parting Glances', 'Suspendisse potenti. Cras in purus eu magna vulputate luctus. Cum sociis natoque penatibus et magnis dis parturient montes, nascetur ridiculus mus. Vivamus vestibulum sagittis sapien.', '2023-03-12 03:33:21', '2023-02-21 07:01:04', 'Gillian', 'Emory');
insert into article (user_id, title, content, created_at, modified_at, created_by, modified_by) values ('honey5', 'Box, The', 'Donec semper sapien a libero. Nam dui. Proin leo odio, porttitor id, consequat in, consequat ut, nulla. Sed accumsan felis. Ut at dolor quis odio consequat varius. Integer ac leo. Pellentesque ultrices mattis odio. Donec vitae nisi.', '2022-05-13 19:45:12', '2023-03-06 00:35:44', 'Skell', 'Alejandrina');
insert into article (user_id, title, content, created_at, modified_at, created_by, modified_by) values ('honey4', 'King''s Faith', 'In hac habitasse platea dictumst. Aliquam augue quam, sollicitudin vitae, consectetuer eget, rutrum at, lorem. Integer tincidunt ante vel ipsum.', '2022-09-01 22:33:07', '2022-06-17 16:37:41', 'Tuesday', 'Hinda');
insert into article (user_id, title, content, created_at, modified_at, created_by, modified_by) values ('honey3', 'My Father the Hero (Mon père, ce héros.)', 'Aliquam erat volutpat.', '2022-06-07 17:54:50', '2022-07-20 01:53:30', 'Holmes', 'Idell');
insert into article (user_id, title, content, created_at, modified_at, created_by, modified_by) values ('honey5', 'Big Tease, The', 'Duis mattis egestas metus. Aenean fermentum. Donec ut mauris eget massa tempor convallis. Nulla neque libero, convallis eget, eleifend luctus, ultricies eu, nibh. Quisque id justo sit amet sapien dignissim vestibulum. Vestibulum ante ipsum primis in faucibus orci luctus et ultrices posuere cubilia Curae; Nulla dapibus dolor vel est. Donec odio justo, sollicitudin ut, suscipit a, feugiat et, eros.', '2022-06-22 10:33:49', '2023-01-18 02:47:39', 'Craig', 'Lia');
insert into article (user_id, title, content, created_at, modified_at, created_by, modified_by) values ('honey3', 'Confidential Report', 'Cum sociis natoque penatibus et magnis dis parturient montes, nascetur ridiculus mus. Etiam vel augue. Vestibulum rutrum rutrum neque. Aenean auctor gravida sem. Praesent id massa id nisl venenatis lacinia. Aenean sit amet justo. Morbi ut odio. Cras mi pede, malesuada in, imperdiet et, commodo vulputate, justo. In blandit ultrices enim.', '2023-03-10 23:09:00', '2022-09-27 08:58:26', 'Cathrine', 'Ethan');
insert into article (user_id, title, content, created_at, modified_at, created_by, modified_by) values ('honey3', 'God''s Puzzle (Kamisama no pazuru)', 'Suspendisse accumsan tortor quis turpis.', '2022-07-26 21:11:48', '2022-05-21 23:39:00', 'Aleta', 'Floris');
insert into article (user_id, title, content, created_at, modified_at, created_by, modified_by) values ('honey2', 'Chak De India!', 'Vivamus metus arcu, adipiscing molestie, hendrerit at, vulputate vitae, nisl.', '2022-12-06 15:21:51', '2022-04-28 16:16:47', 'Dominica', 'Millisent');
insert into article (user_id, title, content, created_at, modified_at, created_by, modified_by) values ('honey5', 'William S. Burroughs: A Man Within', 'Lorem ipsum dolor sit amet, consectetuer adipiscing elit. Proin risus. Praesent lectus. Vestibulum quam sapien, varius ut, blandit non, interdum in, ante.', '2023-01-02 05:08:38', '2022-11-03 20:12:44', 'Myrah', 'Dasya');
insert into article (user_id, title, content, created_at, modified_at, created_by, modified_by) values ('honey2', 'Mouse That Roared, The', 'Quisque ut erat. Curabitur gravida nisi at nibh. In hac habitasse platea dictumst. Aliquam augue quam, sollicitudin vitae, consectetuer eget, rutrum at, lorem. Integer tincidunt ante vel ipsum. Praesent blandit lacinia erat.', '2023-03-24 09:30:00', '2023-01-12 19:16:53', 'Leontyne', 'Gilbertine');
insert into article (user_id, title, content, created_at, modified_at, created_by, modified_by) values ('honey2', 'Extraterrestrial (Extraterrestre)', 'Sed sagittis.', '2022-09-20 16:50:16', '2022-08-24 15:09:30', 'Deanna', 'Moshe');
insert into article (user_id, title, content, created_at, modified_at, created_by, modified_by) values ('honey5', 'Wes Craven''s New Nightmare (Nightmare on Elm Street Part 7: Freddy''s Finale, A)', 'Nunc purus. Phasellus in felis. Donec semper sapien a libero. Nam dui. Proin leo odio, porttitor id, consequat in, consequat ut, nulla. Sed accumsan felis.', '2023-03-06 17:50:00', '2023-04-24 19:09:36', 'Patrizius', 'Linea');
insert into article (user_id, title, content, created_at, modified_at, created_by, modified_by) values ('honey3', 'My Son the Fanatic', 'In eleifend quam a odio. In hac habitasse platea dictumst. Maecenas ut massa quis augue luctus tincidunt. Nulla mollis molestie lorem. Quisque ut erat. Curabitur gravida nisi at nibh. In hac habitasse platea dictumst. Aliquam augue quam, sollicitudin vitae, consectetuer eget, rutrum at, lorem. Integer tincidunt ante vel ipsum. Praesent blandit lacinia erat.', '2023-01-02 17:32:37', '2022-09-06 08:09:42', 'Kenneth', 'Adria');
insert into article (user_id, title, content, created_at, modified_at, created_by, modified_by) values ('honey4', 'Jury Duty', 'Quisque id justo sit amet sapien dignissim vestibulum. Vestibulum ante ipsum primis in faucibus orci luctus et ultrices posuere cubilia Curae; Nulla dapibus dolor vel est. Donec odio justo, sollicitudin ut, suscipit a, feugiat et, eros. Vestibulum ac est lacinia nisi venenatis tristique. Fusce congue, diam id ornare imperdiet, sapien urna pretium nisl, ut volutpat sapien arcu sed augue. Aliquam erat volutpat. In congue. Etiam justo.', '2022-07-14 07:03:09', '2022-07-24 19:06:30', 'Felecia', 'Dody');
insert into article (user_id, title, content, created_at, modified_at, created_by, modified_by) values ('honey1', 'Dudley Do-Right', 'In hac habitasse platea dictumst. Etiam faucibus cursus urna. Ut tellus. Nulla ut erat id mauris vulputate elementum. Nullam varius. Nulla facilisi. Cras non velit nec nisi vulputate nonummy. Maecenas tincidunt lacus at velit.', '2023-02-25 00:12:42', '2022-08-24 19:56:22', 'Alex', 'Robyn');
insert into article (user_id, title, content, created_at, modified_at, created_by, modified_by) values ('honey2', 'Woodstock Diary', 'Etiam faucibus cursus urna. Ut tellus. Nulla ut erat id mauris vulputate elementum. Nullam varius. Nulla facilisi. Cras non velit nec nisi vulputate nonummy. Maecenas tincidunt lacus at velit.', '2022-04-28 07:40:14', '2022-12-17 05:34:56', 'Abbye', 'Sheena');
insert into article (user_id, title, content, created_at, modified_at, created_by, modified_by) values ('honey4', 'Tokyo Story (Tôkyô monogatari)', 'Donec quis orci eget orci vehicula condimentum. Curabitur in libero ut massa volutpat convallis. Morbi odio odio, elementum eu, interdum eu, tincidunt in, leo. Maecenas pulvinar lobortis est. Phasellus sit amet erat. Nulla tempus. Vivamus in felis eu sapien cursus vestibulum. Proin eu mi. Nulla ac enim. In tempor, turpis nec euismod scelerisque, quam turpis adipiscing lorem, vitae mattis nibh ligula nec sem.', '2023-04-17 19:55:24', '2022-08-10 01:11:26', 'Auberta', 'Heinrick');
insert into article (user_id, title, content, created_at, modified_at, created_by, modified_by) values ('honey4', 'Beyond Tomorrow (Beyond Christmas)', 'Cum sociis natoque penatibus et magnis dis parturient montes, nascetur ridiculus mus.', '2023-03-19 16:35:58', '2023-02-28 01:27:42', 'Ethelind', 'Nady');
insert into article (user_id, title, content, created_at, modified_at, created_by, modified_by) values ('honey3', 'Goebbels Experiment, The (Das Goebbels Experiment)', 'Nulla ut erat id mauris vulputate elementum. Nullam varius.', '2022-09-08 04:37:45', '2023-02-15 17:18:08', 'Sybille', 'Sibyl');
insert into article (user_id, title, content, created_at, modified_at, created_by, modified_by) values ('honey5', 'Hole, The', 'Proin risus.', '2022-12-23 01:47:01', '2023-02-03 15:44:11', 'Antonino', 'Roxanna');
insert into article (user_id, title, content, created_at, modified_at, created_by, modified_by) values ('honey5', 'Dead Snow (Død snø)', 'In hac habitasse platea dictumst. Morbi vestibulum, velit id pretium iaculis, diam erat fermentum justo, nec condimentum neque sapien placerat ante. Nulla justo. Aliquam quis turpis eget elit sodales scelerisque. Mauris sit amet eros.', '2022-10-12 10:30:51', '2023-01-27 19:44:58', 'Khalil', 'Cal');
insert into article (user_id, title, content, created_at, modified_at, created_by, modified_by) values ('honey3', 'Dark Truth, A (Truth, The)', 'Proin interdum mauris non ligula pellentesque ultrices. Phasellus id sapien in sapien iaculis congue. Vivamus metus arcu, adipiscing molestie, hendrerit at, vulputate vitae, nisl. Aenean lectus. Pellentesque eget nunc. Donec quis orci eget orci vehicula condimentum. Curabitur in libero ut massa volutpat convallis. Morbi odio odio, elementum eu, interdum eu, tincidunt in, leo. Maecenas pulvinar lobortis est. Phasellus sit amet erat.', '2022-11-16 08:26:53', '2022-05-31 12:19:23', 'Ninette', 'Constantine');
insert into article (user_id, title, content, created_at, modified_at, created_by, modified_by) values ('honey4', 'Hackers', 'In eleifend quam a odio. In hac habitasse platea dictumst. Maecenas ut massa quis augue luctus tincidunt. Nulla mollis molestie lorem. Quisque ut erat. Curabitur gravida nisi at nibh. In hac habitasse platea dictumst. Aliquam augue quam, sollicitudin vitae, consectetuer eget, rutrum at, lorem.', '2023-02-04 15:44:37', '2022-12-16 04:18:48', 'Nola', 'Corby');
insert into article (user_id, title, content, created_at, modified_at, created_by, modified_by) values ('honey5', 'Oedipus Rex (Edipo re)', 'Integer pede justo, lacinia eget, tincidunt eget, tempus vel, pede. Morbi porttitor lorem id ligula. Suspendisse ornare consequat lectus. In est risus, auctor sed, tristique in, tempus sit amet, sem. Fusce consequat. Nulla nisl.', '2023-03-12 22:44:59', '2023-04-18 19:10:42', 'Cati', 'Pippy');
insert into article (user_id, title, content, created_at, modified_at, created_by, modified_by) values ('honey4', 'Unknown Pleasures (Ren xiao yao)', 'Sed accumsan felis. Ut at dolor quis odio consequat varius. Integer ac leo. Pellentesque ultrices mattis odio. Donec vitae nisi. Nam ultrices, libero non mattis pulvinar, nulla pede ullamcorper augue, a suscipit nulla elit ac nulla. Sed vel enim sit amet nunc viverra dapibus. Nulla suscipit ligula in lacus. Curabitur at ipsum ac tellus semper interdum.', '2022-11-29 10:12:20', '2022-05-21 00:22:06', 'Isak', 'Meade');
insert into article (user_id, title, content, created_at, modified_at, created_by, modified_by) values ('honey4', 'Intervista', 'Donec ut mauris eget massa tempor convallis. Nulla neque libero, convallis eget, eleifend luctus, ultricies eu, nibh. Quisque id justo sit amet sapien dignissim vestibulum. Vestibulum ante ipsum primis in faucibus orci luctus et ultrices posuere cubilia Curae; Nulla dapibus dolor vel est. Donec odio justo, sollicitudin ut, suscipit a, feugiat et, eros. Vestibulum ac est lacinia nisi venenatis tristique.', '2022-10-21 11:42:41', '2022-10-21 08:07:14', 'Vivia', 'Ronda');
insert into article (user_id, title, content, created_at, modified_at, created_by, modified_by) values ('honey1', 'Louis C.K.: Live at the Beacon Theater', 'Aenean auctor gravida sem. Praesent id massa id nisl venenatis lacinia. Aenean sit amet justo. Morbi ut odio.', '2023-01-19 05:51:36', '2023-03-09 03:57:56', 'Cleopatra', 'Cass');
insert into article (user_id, title, content, created_at, modified_at, created_by, modified_by) values ('honey5', 'Macbeth (a.k.a. Tragedy of Macbeth, The)', 'Morbi ut odio.', '2023-01-14 00:26:29', '2023-01-22 03:58:06', 'Nicolai', 'Tanny');
insert into article (user_id, title, content, created_at, modified_at, created_by, modified_by) values ('honey1', 'Meek''s Cutoff', 'Integer ac neque. Duis bibendum. Morbi non quam nec dui luctus rutrum. Nulla tellus. In sagittis dui vel nisl. Duis ac nibh.', '2022-12-12 22:07:36', '2022-11-22 06:10:43', 'Barri', 'Erastus');
insert into article (user_id, title, content, created_at, modified_at, created_by, modified_by) values ('honey5', 'Superman Returns', 'Etiam justo. Etiam pretium iaculis justo.', '2022-05-20 08:16:44', '2022-10-15 01:29:34', 'Issiah', 'Baryram');
insert into article (user_id, title, content, created_at, modified_at, created_by, modified_by) values ('honey3', 'Two Days', 'Maecenas tincidunt lacus at velit. Vivamus vel nulla eget eros elementum pellentesque. Quisque porta volutpat erat.', '2023-03-31 03:22:58', '2022-09-10 21:35:54', 'Sal', 'Pandora');
insert into article (user_id, title, content, created_at, modified_at, created_by, modified_by) values ('honey4', 'Madadayo (a.k.a. Not Yet)', 'Vestibulum rutrum rutrum neque. Aenean auctor gravida sem. Praesent id massa id nisl venenatis lacinia.', '2022-08-20 11:13:01', '2022-07-31 00:45:40', 'Tommy', 'Thedrick');
insert into article (user_id, title, content, created_at, modified_at, created_by, modified_by) values ('honey1', 'Sketches of Frank Gehry', 'Aliquam erat volutpat. In congue.', '2022-11-28 03:31:17', '2023-02-27 21:23:42', 'Ondrea', 'Bernhard');
insert into article (user_id, title, content, created_at, modified_at, created_by, modified_by) values ('honey4', 'Hell', 'Sed accumsan felis. Ut at dolor quis odio consequat varius. Integer ac leo. Pellentesque ultrices mattis odio. Donec vitae nisi. Nam ultrices, libero non mattis pulvinar, nulla pede ullamcorper augue, a suscipit nulla elit ac nulla. Sed vel enim sit amet nunc viverra dapibus. Nulla suscipit ligula in lacus. Curabitur at ipsum ac tellus semper interdum.', '2022-07-26 15:05:44', '2022-11-07 16:45:28', 'Dallas', 'Katti');
insert into article (user_id, title, content, created_at, modified_at, created_by, modified_by) values ('honey4', 'Solstice', 'Maecenas tristique, est et tempus semper, est quam pharetra magna, ac consequat metus sapien ut nunc. Vestibulum ante ipsum primis in faucibus orci luctus et ultrices posuere cubilia Curae; Mauris viverra diam vitae quam. Suspendisse potenti. Nullam porttitor lacus at turpis.', '2022-11-14 12:12:07', '2022-04-27 12:15:11', 'Ashly', 'Cos');
insert into article (user_id, title, content, created_at, modified_at, created_by, modified_by) values ('honey5', 'Shadows and Fog', 'Nulla ac enim. In tempor, turpis nec euismod scelerisque, quam turpis adipiscing lorem, vitae mattis nibh ligula nec sem. Duis aliquam convallis nunc. Proin at turpis a pede posuere nonummy. Integer non velit. Donec diam neque, vestibulum eget, vulputate ut, ultrices vel, augue. Vestibulum ante ipsum primis in faucibus orci luctus et ultrices posuere cubilia Curae; Donec pharetra, magna vestibulum aliquet ultrices, erat tortor sollicitudin mi, sit amet lobortis sapien sapien non mi. Integer ac neque.', '2022-10-08 21:31:13', '2022-06-23 21:09:48', 'Standford', 'Archer');
insert into article (user_id, title, content, created_at, modified_at, created_by, modified_by) values ('honey2', 'Symmetry (Symetria)', 'Lorem ipsum dolor sit amet, consectetuer adipiscing elit.', '2023-04-04 16:28:36', '2022-09-20 04:43:51', 'Carol-jean', 'Stephie');
insert into article (user_id, title, content, created_at, modified_at, created_by, modified_by) values ('honey4', '13 Fighting Men', 'Vestibulum sed magna at nunc commodo placerat. Praesent blandit. Nam nulla. Integer pede justo, lacinia eget, tincidunt eget, tempus vel, pede. Morbi porttitor lorem id ligula. Suspendisse ornare consequat lectus. In est risus, auctor sed, tristique in, tempus sit amet, sem. Fusce consequat. Nulla nisl.', '2022-12-19 05:40:20', '2022-07-15 20:31:18', 'Tiffy', 'Ofelia');
insert into article (user_id, title, content, created_at, modified_at, created_by, modified_by) values ('honey1', 'Fantastic Voyage', 'Nulla ac enim.', '2022-12-06 13:48:02', '2022-07-15 02:17:29', 'Sanson', 'Dwight');
insert into article (user_id, title, content, created_at, modified_at, created_by, modified_by) values ('honey4', 'American Yakuza', 'Donec diam neque, vestibulum eget, vulputate ut, ultrices vel, augue. Vestibulum ante ipsum primis in faucibus orci luctus et ultrices posuere cubilia Curae; Donec pharetra, magna vestibulum aliquet ultrices, erat tortor sollicitudin mi, sit amet lobortis sapien sapien non mi. Integer ac neque. Duis bibendum. Morbi non quam nec dui luctus rutrum. Nulla tellus. In sagittis dui vel nisl. Duis ac nibh.', '2022-11-09 10:59:02', '2022-10-16 19:02:26', 'Dania', 'Jacklyn');
insert into article (user_id, title, content, created_at, modified_at, created_by, modified_by) values ('honey4', 'Protocols of Zion', 'Nunc nisl. Duis bibendum, felis sed interdum venenatis, turpis enim blandit mi, in porttitor pede justo eu massa. Donec dapibus. Duis at velit eu est congue elementum.', '2022-06-17 22:57:08', '2023-01-11 22:02:11', 'Robin', 'Odetta');
insert into article (user_id, title, content, created_at, modified_at, created_by, modified_by) values ('honey5', 'Cheech & Chong''s The Corsican Brothers', 'Vestibulum sed magna at nunc commodo placerat. Praesent blandit.', '2022-11-19 02:43:08', '2023-01-06 21:53:48', 'Duncan', 'Bil');
insert into article (user_id, title, content, created_at, modified_at, created_by, modified_by) values ('honey1', 'Autumn Spring (Babí léto)', 'Proin eu mi. Nulla ac enim. In tempor, turpis nec euismod scelerisque, quam turpis adipiscing lorem, vitae mattis nibh ligula nec sem.', '2022-05-23 07:44:12', '2022-11-26 00:07:27', 'Louie', 'Jacynth');
insert into article (user_id, title, content, created_at, modified_at, created_by, modified_by) values ('honey2', 'Well Spent Life, A', 'Donec ut dolor. Morbi vel lectus in quam fringilla rhoncus. Mauris enim leo, rhoncus sed, vestibulum sit amet, cursus id, turpis. Integer aliquet, massa id lobortis convallis, tortor risus dapibus augue, vel accumsan tellus nisi eu orci. Mauris lacinia sapien quis libero. Nullam sit amet turpis elementum ligula vehicula consequat. Morbi a ipsum.', '2022-09-27 04:04:12', '2022-08-12 12:14:21', 'Kattie', 'Morey');
insert into article (user_id, title, content, created_at, modified_at, created_by, modified_by) values ('honey3', 'Housesitter', 'Maecenas pulvinar lobortis est. Phasellus sit amet erat. Nulla tempus. Vivamus in felis eu sapien cursus vestibulum. Proin eu mi. Nulla ac enim. In tempor, turpis nec euismod scelerisque, quam turpis adipiscing lorem, vitae mattis nibh ligula nec sem. Duis aliquam convallis nunc.', '2023-02-05 22:42:19', '2022-04-26 09:59:30', 'Melloney', 'Mariquilla');
insert into article (user_id, title, content, created_at, modified_at, created_by, modified_by) values ('honey4', 'Nothing to Lose (a.k.a. Ten Benny)', 'Nam nulla. Integer pede justo, lacinia eget, tincidunt eget, tempus vel, pede. Morbi porttitor lorem id ligula. Suspendisse ornare consequat lectus.', '2022-12-15 04:36:35', '2022-10-08 21:14:51', 'Stan', 'Corny');
insert into article (user_id, title, content, created_at, modified_at, created_by, modified_by) values ('honey3', 'Bleak Night', 'Suspendisse potenti. Nullam porttitor lacus at turpis. Donec posuere metus vitae ipsum. Aliquam non mauris. Morbi non lectus. Aliquam sit amet diam in magna bibendum imperdiet. Nullam orci pede, venenatis non, sodales sed, tincidunt eu, felis.', '2022-11-15 11:15:04', '2022-11-07 10:10:08', 'Mattie', 'Trevar');

insert into article_comment (article_id, user_id, parent_comment_id, content, created_at, modified_at, created_by, modified_by) values (1, 'honey1', null, 'In hac habitasse platea dictumst.', '2022-04-30 02:11:41', '2023-02-26 10:30:07', 'Derby', 'Pamela');
insert into article_comment (article_id, user_id, parent_comment_id, content, created_at, modified_at, created_by, modified_by) values (25, 'honey3', null, 'Pellentesque ultrices mattis odio. Donec vitae nisi.', '2022-08-15 15:10:43', '2022-09-01 16:18:16', 'Willi', 'James');
insert into article_comment (article_id, user_id, parent_comment_id, content, created_at, modified_at, created_by, modified_by) values (58, 'honey1', null, 'Aliquam quis turpis eget elit sodales scelerisque.', '2023-01-02 10:27:48', '2022-08-19 07:15:05', 'Consolata', 'Doralia');
insert into article_comment (article_id, user_id, parent_comment_id, content, created_at, modified_at, created_by, modified_by) values (80, 'honey2', null, 'Mauris enim leo, rhoncus sed, vestibulum sit amet, cursus id, turpis.', '2023-03-01 22:57:36', '2022-10-02 07:35:53', 'Mersey', 'Judah');
insert into article_comment (article_id, user_id, parent_comment_id, content, created_at, modified_at, created_by, modified_by) values (32, 'honey1', null, 'Donec dapibus.', '2022-09-13 12:53:06', '2022-09-23 08:38:25', 'Shaylyn', 'Veronike');
insert into article_comment (article_id, user_id, parent_comment_id, content, created_at, modified_at, created_by, modified_by) values (79, 'honey4', null, 'Ut tellus.', '2022-12-15 04:10:20', '2022-07-22 08:48:31', 'Gabe', 'Cristen');
insert into article_comment (article_id, user_id, parent_comment_id, content, created_at, modified_at, created_by, modified_by) values (90, 'honey3', null, 'Pellentesque viverra pede ac diam. Cras pellentesque volutpat dui.', '2022-07-19 05:53:53', '2022-08-11 22:20:08', 'Anitra', 'Joanie');
insert into article_comment (article_id, user_id, parent_comment_id, content, created_at, modified_at, created_by, modified_by) values (70, 'honey5', null, 'Quisque porta volutpat erat. Quisque erat eros, viverra eget, congue eget, semper rutrum, nulla.', '2022-08-06 14:41:09', '2022-07-08 18:42:52', 'Fulton', 'Shurlocke');
insert into article_comment (article_id, user_id, parent_comment_id, content, created_at, modified_at, created_by, modified_by) values (11, 'honey5', null, 'Nunc nisl.', '2022-11-08 14:25:40', '2023-04-14 16:10:15', 'Parry', 'Benedict');
insert into article_comment (article_id, user_id, parent_comment_id, content, created_at, modified_at, created_by, modified_by) values (27, 'honey2', null, 'Morbi porttitor lorem id ligula.', '2023-03-10 16:45:33', '2023-01-21 12:26:14', 'Dianne', 'Leda');
insert into article_comment (article_id, user_id, parent_comment_id, content, created_at, modified_at, created_by, modified_by) values (94, 'honey3', null, 'Cum sociis natoque penatibus et magnis dis parturient montes, nascetur ridiculus mus.', '2023-02-11 00:58:14', '2022-11-30 00:50:44', 'Brandyn', 'Flynn');
insert into article_comment (article_id, user_id, parent_comment_id, content, created_at, modified_at, created_by, modified_by) values (27, 'honey1', null, 'Phasellus in felis.', '2022-09-21 11:30:49', '2022-08-07 12:02:40', 'Dane', 'Helge');
insert into article_comment (article_id, user_id, parent_comment_id, content, created_at, modified_at, created_by, modified_by) values (24, 'honey3', null, 'Morbi ut odio. Cras mi pede, malesuada in, imperdiet et, commodo vulputate, justo.', '2022-06-28 20:48:03', '2022-12-01 23:16:45', 'Walliw', 'Bella');
insert into article_comment (article_id, user_id, parent_comment_id, content, created_at, modified_at, created_by, modified_by) values (4, 'honey1', null, 'Integer pede justo, lacinia eget, tincidunt eget, tempus vel, pede. Morbi porttitor lorem id ligula.', '2022-05-02 05:03:26', '2022-05-13 10:09:02', 'Hervey', 'Melamie');
insert into article_comment (article_id, user_id, parent_comment_id, content, created_at, modified_at, created_by, modified_by) values (80, 'honey2', null, 'Sed ante.', '2022-12-27 04:39:35', '2022-05-19 22:39:06', 'Michal', 'Nat');
insert into article_comment (article_id, user_id, parent_comment_id, content, created_at, modified_at, created_by, modified_by) values (60, 'honey4', null, 'In eleifend quam a odio. In hac habitasse platea dictumst.', '2022-12-19 12:57:54', '2023-02-12 09:44:22', 'Vonnie', 'Amandy');
insert into article_comment (article_id, user_id, parent_comment_id, content, created_at, modified_at, created_by, modified_by) values (59, 'honey3', null, 'Duis bibendum, felis sed interdum venenatis, turpis enim blandit mi, in porttitor pede justo eu massa.', '2023-03-04 08:34:57', '2022-12-21 21:51:23', 'Casar', 'Vally');
insert into article_comment (article_id, user_id, parent_comment_id, content, created_at, modified_at, created_by, modified_by) values (48, 'honey3', null, 'Phasellus sit amet erat. Nulla tempus.', '2022-12-29 22:27:45', '2022-10-26 02:09:40', 'Hanny', 'Adlai');
insert into article_comment (article_id, user_id, parent_comment_id, content, created_at, modified_at, created_by, modified_by) values (19, 'honey3', null, 'Suspendisse potenti.', '2022-12-26 02:15:54', '2022-12-22 20:18:05', 'Onida', 'Hartwell');
insert into article_comment (article_id, user_id, parent_comment_id, content, created_at, modified_at, created_by, modified_by) values (20, 'honey2', null, 'Duis mattis egestas metus. Aenean fermentum.', '2022-10-24 13:34:07', '2022-05-12 20:21:14', 'Arney', 'Devonne');
insert into article_comment (article_id, user_id, parent_comment_id, content, created_at, modified_at, created_by, modified_by) values (84, 'honey2', null, 'Nulla tellus.', '2023-01-20 18:40:43', '2022-10-27 02:20:33', 'Zia', 'Dwayne');
insert into article_comment (article_id, user_id, parent_comment_id, content, created_at, modified_at, created_by, modified_by) values (91, 'honey4', null, 'Quisque ut erat.', '2022-12-22 18:57:45', '2022-08-31 13:24:22', 'Pasquale', 'Shandy');
insert into article_comment (article_id, user_id, parent_comment_id, content, created_at, modified_at, created_by, modified_by) values (68, 'honey3', null, 'Proin interdum mauris non ligula pellentesque ultrices.', '2022-05-19 04:43:57', '2023-03-28 12:17:28', 'Holden', 'Brod');
insert into article_comment (article_id, user_id, parent_comment_id, content, created_at, modified_at, created_by, modified_by) values (44, 'honey2', null, 'Nullam orci pede, venenatis non, sodales sed, tincidunt eu, felis.', '2023-03-15 17:40:04', '2022-12-26 20:51:08', 'Sydelle', 'Trista');
insert into article_comment (article_id, user_id, parent_comment_id, content, created_at, modified_at, created_by, modified_by) values (96, 'honey5', null, 'Duis bibendum. Morbi non quam nec dui luctus rutrum.', '2022-07-27 05:45:12', '2023-01-24 08:53:21', 'Cirilo', 'Karoline');
insert into article_comment (article_id, user_id, parent_comment_id, content, created_at, modified_at, created_by, modified_by) values (91, 'honey5', null, 'Maecenas pulvinar lobortis est. Phasellus sit amet erat.', '2022-06-09 15:44:03', '2022-10-24 04:05:14', 'Roxy', 'Anastasie');
insert into article_comment (article_id, user_id, parent_comment_id, content, created_at, modified_at, created_by, modified_by) values (69, 'honey1', null, 'Proin interdum mauris non ligula pellentesque ultrices.', '2022-08-24 09:37:35', '2023-04-02 15:13:08', 'Robbie', 'Jodie');
insert into article_comment (article_id, user_id, parent_comment_id, content, created_at, modified_at, created_by, modified_by) values (50, 'honey4', null, 'Mauris lacinia sapien quis libero. Nullam sit amet turpis elementum ligula vehicula consequat.', '2022-04-25 12:46:14', '2023-01-28 02:29:25', 'Cammie', 'Tallou');
insert into article_comment (article_id, user_id, parent_comment_id, content, created_at, modified_at, created_by, modified_by) values (32, 'honey3', null, 'Duis mattis egestas metus.', '2023-02-08 13:47:51', '2022-07-07 04:47:52', 'Aime', 'Malissa');
insert into article_comment (article_id, user_id, parent_comment_id, content, created_at, modified_at, created_by, modified_by) values (1, 'honey3', null, 'Nullam orci pede, venenatis non, sodales sed, tincidunt eu, felis. Fusce posuere felis sed lacus.', '2023-01-26 22:23:22', '2022-11-17 15:37:50', 'Giffer', 'Helenelizabeth');
insert into article_comment (article_id, user_id, parent_comment_id, content, created_at, modified_at, created_by, modified_by) values (75, 'honey5', null, 'Fusce posuere felis sed lacus. Morbi sem mauris, laoreet ut, rhoncus aliquet, pulvinar sed, nisl.', '2023-01-10 10:00:02', '2022-06-18 02:55:03', 'Mel', 'Sherrie');
insert into article_comment (article_id, user_id, parent_comment_id, content, created_at, modified_at, created_by, modified_by) values (84, 'honey3', null, 'Maecenas tincidunt lacus at velit.', '2022-05-26 01:59:45', '2022-12-26 02:45:30', 'Alison', 'Lari');
insert into article_comment (article_id, user_id, parent_comment_id, content, created_at, modified_at, created_by, modified_by) values (4, 'honey4', null, 'Vivamus in felis eu sapien cursus vestibulum. Proin eu mi.', '2022-12-31 16:12:01', '2022-10-10 15:43:03', 'Cyrillus', 'Claudette');
insert into article_comment (article_id, user_id, parent_comment_id, content, created_at, modified_at, created_by, modified_by) values (22, 'honey3', null, 'Morbi vestibulum, velit id pretium iaculis, diam erat fermentum justo, nec condimentum neque sapien placerat ante.', '2022-08-14 23:28:52', '2022-12-15 17:00:07', 'Lorette', 'Lela');
insert into article_comment (article_id, user_id, parent_comment_id, content, created_at, modified_at, created_by, modified_by) values (53, 'honey3', null, 'Donec posuere metus vitae ipsum.', '2022-09-02 18:12:20', '2023-03-31 00:11:14', 'York', 'Dione');
insert into article_comment (article_id, user_id, parent_comment_id, content, created_at, modified_at, created_by, modified_by) values (34, 'honey5', null, 'Phasellus sit amet erat.', '2022-07-03 10:26:53', '2022-05-29 03:31:10', 'Adele', 'Staford');
insert into article_comment (article_id, user_id, parent_comment_id, content, created_at, modified_at, created_by, modified_by) values (64, 'honey5', null, 'Nulla tellus.', '2023-04-03 03:37:05', '2023-02-19 09:26:50', 'Genovera', 'Rosabelle');
insert into article_comment (article_id, user_id, parent_comment_id, content, created_at, modified_at, created_by, modified_by) values (50, 'honey3', null, 'Mauris sit amet eros. Suspendisse accumsan tortor quis turpis.', '2023-04-15 02:59:52', '2023-01-28 18:34:09', 'Aloise', 'Richmound');
insert into article_comment (article_id, user_id, parent_comment_id, content, created_at, modified_at, created_by, modified_by) values (18, 'honey5', null, 'Morbi porttitor lorem id ligula. Suspendisse ornare consequat lectus.', '2022-10-07 01:48:08', '2023-01-16 09:31:52', 'Izak', 'Hedy');
insert into article_comment (article_id, user_id, parent_comment_id, content, created_at, modified_at, created_by, modified_by) values (46, 'honey1', null, 'Morbi sem mauris, laoreet ut, rhoncus aliquet, pulvinar sed, nisl.', '2022-05-30 05:33:38', '2023-03-09 20:25:09', 'Clarabelle', 'Melisandra');
insert into article_comment (article_id, user_id, parent_comment_id, content, created_at, modified_at, created_by, modified_by) values (91, 'honey1', null, 'Nulla justo.', '2022-06-02 20:27:10', '2022-05-01 06:35:58', 'Jeralee', 'Fionna');
insert into article_comment (article_id, user_id, parent_comment_id, content, created_at, modified_at, created_by, modified_by) values (18, 'honey3', null, 'In hac habitasse platea dictumst.', '2022-06-22 06:12:35', '2023-03-25 11:47:41', 'Emalia', 'Adrian');
insert into article_comment (article_id, user_id, parent_comment_id, content, created_at, modified_at, created_by, modified_by) values (16, 'honey1', null, 'Duis ac nibh. Fusce lacus purus, aliquet at, feugiat non, pretium quis, lectus.', '2022-11-30 13:10:06', '2023-01-05 08:59:41', 'Nicolas', 'Creight');
insert into article_comment (article_id, user_id, parent_comment_id, content, created_at, modified_at, created_by, modified_by) values (19, 'honey1', null, 'Vestibulum quam sapien, varius ut, blandit non, interdum in, ante.', '2022-06-26 00:42:38', '2022-10-06 00:12:59', 'Guglielma', 'Annnora');
insert into article_comment (article_id, user_id, parent_comment_id, content, created_at, modified_at, created_by, modified_by) values (51, 'honey5', null, 'Vestibulum ante ipsum primis in faucibus orci luctus et ultrices posuere cubilia Curae; Nulla dapibus dolor vel est.', '2022-12-06 04:24:23', '2023-04-03 08:41:48', 'Valentijn', 'Nixie');
insert into article_comment (article_id, user_id, parent_comment_id, content, created_at, modified_at, created_by, modified_by) values (56, 'honey1', null, 'Morbi sem mauris, laoreet ut, rhoncus aliquet, pulvinar sed, nisl.', '2022-09-19 09:50:35', '2022-10-09 04:49:06', 'Patricia', 'Estell');
insert into article_comment (article_id, user_id, parent_comment_id, content, created_at, modified_at, created_by, modified_by) values (53, 'honey5', null, 'Etiam vel augue.', '2023-03-23 03:55:05', '2022-07-12 19:22:36', 'Krissy', 'Gretal');
insert into article_comment (article_id, user_id, parent_comment_id, content, created_at, modified_at, created_by, modified_by) values (51, 'honey2', null, 'Mauris enim leo, rhoncus sed, vestibulum sit amet, cursus id, turpis.', '2022-11-02 21:01:18', '2023-03-18 19:39:27', 'Sebastian', 'Luce');
insert into article_comment (article_id, user_id, parent_comment_id, content, created_at, modified_at, created_by, modified_by) values (84, 'honey2', null, 'Nulla facilisi.', '2022-12-01 04:29:10', '2022-08-08 14:55:49', 'Clarie', 'Mavra');
insert into article_comment (article_id, user_id, parent_comment_id, content, created_at, modified_at, created_by, modified_by) values (59, 'honey5', null, 'Vestibulum sed magna at nunc commodo placerat.', '2023-01-16 09:29:39', '2022-12-23 10:56:03', 'Lazaro', 'Marcile');
insert into article_comment (article_id, user_id, parent_comment_id, content, created_at, modified_at, created_by, modified_by) values (37, 'honey2', null, 'Morbi non quam nec dui luctus rutrum. Nulla tellus.', '2022-09-16 20:40:40', '2022-04-28 07:43:36', 'Fanya', 'Elonore');
insert into article_comment (article_id, user_id, parent_comment_id, content, created_at, modified_at, created_by, modified_by) values (73, 'honey5', null, 'Cras non velit nec nisi vulputate nonummy. Maecenas tincidunt lacus at velit.', '2023-04-23 15:40:51', '2022-11-18 12:33:24', 'Britney', 'Ingar');
insert into article_comment (article_id, user_id, parent_comment_id, content, created_at, modified_at, created_by, modified_by) values (36, 'honey2', null, 'Suspendisse potenti. Nullam porttitor lacus at turpis.', '2023-04-24 23:23:59', '2022-10-13 13:01:56', 'Zorine', 'Margy');
insert into article_comment (article_id, user_id, parent_comment_id, content, created_at, modified_at, created_by, modified_by) values (52, 'honey4', null, 'Praesent blandit. Nam nulla.', '2023-03-01 20:39:54', '2022-07-23 04:54:23', 'Herrick', 'Jephthah');
insert into article_comment (article_id, user_id, parent_comment_id, content, created_at, modified_at, created_by, modified_by) values (31, 'honey3', null, 'Maecenas leo odio, condimentum id, luctus nec, molestie sed, justo.', '2023-01-04 02:43:29', '2023-03-20 08:49:36', 'Symon', 'Tamarah');
insert into article_comment (article_id, user_id, parent_comment_id, content, created_at, modified_at, created_by, modified_by) values (26, 'honey5', null, 'Nam congue, risus semper porta volutpat, quam pede lobortis ligula, sit amet eleifend pede libero quis orci.', '2022-11-03 21:00:24', '2022-08-21 16:39:30', 'Charley', 'York');
insert into article_comment (article_id, user_id, parent_comment_id, content, created_at, modified_at, created_by, modified_by) values (92, 'honey1', null, 'Aenean sit amet justo. Morbi ut odio.', '2023-03-26 10:07:30', '2023-01-02 22:16:36', 'Tessa', 'Brittne');
insert into article_comment (article_id, user_id, parent_comment_id, content, created_at, modified_at, created_by, modified_by) values (84, 'honey2', null, 'Maecenas tincidunt lacus at velit.', '2022-08-07 09:00:51', '2023-02-13 05:13:01', 'Ethelyn', 'Janene');
insert into article_comment (article_id, user_id, parent_comment_id, content, created_at, modified_at, created_by, modified_by) values (25, 'honey2', null, 'Curabitur gravida nisi at nibh. In hac habitasse platea dictumst.', '2023-02-08 12:06:35', '2023-01-19 06:52:06', 'Stanley', 'Brice');
insert into article_comment (article_id, user_id, parent_comment_id, content, created_at, modified_at, created_by, modified_by) values (51, 'honey5', null, 'Morbi sem mauris, laoreet ut, rhoncus aliquet, pulvinar sed, nisl. Nunc rhoncus dui vel sem.', '2022-04-29 09:20:18', '2022-10-03 08:54:03', 'Jacinthe', 'Saidee');
insert into article_comment (article_id, user_id, parent_comment_id, content, created_at, modified_at, created_by, modified_by) values (32, 'honey3', null, 'Proin eu mi.', '2022-05-05 13:39:56', '2023-02-22 10:14:10', 'Bobbe', 'Cordula');
insert into article_comment (article_id, user_id, parent_comment_id, content, created_at, modified_at, created_by, modified_by) values (61, 'honey4', null, 'Integer a nibh.', '2022-05-14 19:38:25', '2022-07-10 20:20:52', 'Aurie', 'Stefan');
insert into article_comment (article_id, user_id, parent_comment_id, content, created_at, modified_at, created_by, modified_by) values (1, 'honey1', null, 'Aenean lectus. Pellentesque eget nunc.', '2023-04-10 21:02:04', '2022-05-30 17:53:56', 'Garry', 'Nonna');
insert into article_comment (article_id, user_id, parent_comment_id, content, created_at, modified_at, created_by, modified_by) values (25, 'honey2', null, 'Cras mi pede, malesuada in, imperdiet et, commodo vulputate, justo. In blandit ultrices enim.', '2022-11-28 06:37:26', '2023-03-31 09:09:06', 'Chrystel', 'Wallie');
insert into article_comment (article_id, user_id, parent_comment_id, content, created_at, modified_at, created_by, modified_by) values (18, 'honey2', null, 'Cras pellentesque volutpat dui.', '2022-10-15 10:23:22', '2022-05-25 08:37:02', 'Cassandre', 'Catrina');
insert into article_comment (article_id, user_id, parent_comment_id, content, created_at, modified_at, created_by, modified_by) values (40, 'honey2', null, 'Integer aliquet, massa id lobortis convallis, tortor risus dapibus augue, vel accumsan tellus nisi eu orci. Mauris lacinia sapien quis libero.', '2022-08-10 12:23:54', '2022-06-23 10:48:34', 'Andee', 'Jackquelin');
insert into article_comment (article_id, user_id, parent_comment_id, content, created_at, modified_at, created_by, modified_by) values (56, 'honey1', null, 'Suspendisse potenti.', '2022-05-09 17:32:47', '2023-03-21 15:25:05', 'Conny', 'Jacky');
insert into article_comment (article_id, user_id, parent_comment_id, content, created_at, modified_at, created_by, modified_by) values (7, 'honey3', null, 'Ut at dolor quis odio consequat varius.', '2022-09-05 01:02:30', '2022-09-09 22:23:54', 'Claresta', 'Loralyn');
insert into article_comment (article_id, user_id, parent_comment_id, content, created_at, modified_at, created_by, modified_by) values (82, 'honey1', null, 'Suspendisse ornare consequat lectus. In est risus, auctor sed, tristique in, tempus sit amet, sem.', '2022-09-30 04:50:57', '2022-12-12 13:37:21', 'Ellsworth', 'Billye');
insert into article_comment (article_id, user_id, parent_comment_id, content, created_at, modified_at, created_by, modified_by) values (88, 'honey1', null, 'Vivamus in felis eu sapien cursus vestibulum. Proin eu mi.', '2022-12-22 13:12:10', '2022-08-17 21:37:11', 'Carleen', 'Nickolaus');
insert into article_comment (article_id, user_id, parent_comment_id, content, created_at, modified_at, created_by, modified_by) values (38, 'honey4', null, 'Morbi porttitor lorem id ligula. Suspendisse ornare consequat lectus.', '2022-11-15 14:04:17', '2023-02-22 12:32:24', 'Chicky', 'Babita');
insert into article_comment (article_id, user_id, parent_comment_id, content, created_at, modified_at, created_by, modified_by) values (38, 'honey4', null, 'Curabitur at ipsum ac tellus semper interdum. Mauris ullamcorper purus sit amet nulla.', '2022-09-30 14:37:36', '2022-08-29 14:16:06', 'Willie', 'Aprilette');
insert into article_comment (article_id, user_id, parent_comment_id, content, created_at, modified_at, created_by, modified_by) values (75, 'honey1', null, 'Donec ut mauris eget massa tempor convallis. Nulla neque libero, convallis eget, eleifend luctus, ultricies eu, nibh.', '2023-04-09 17:48:55', '2022-08-30 15:17:55', 'Milena', 'Jobi');
insert into article_comment (article_id, user_id, parent_comment_id, content, created_at, modified_at, created_by, modified_by) values (54, 'honey3', null, 'Aliquam quis turpis eget elit sodales scelerisque.', '2022-09-05 22:41:01', '2023-01-04 08:46:44', 'Elwira', 'Deeyn');
insert into article_comment (article_id, user_id, parent_comment_id, content, created_at, modified_at, created_by, modified_by) values (87, 'honey1', null, 'Sed sagittis.', '2023-04-16 21:22:53', '2023-03-30 11:58:44', 'Jeane', 'Garnette');
insert into article_comment (article_id, user_id, parent_comment_id, content, created_at, modified_at, created_by, modified_by) values (42, 'honey4', null, 'Fusce posuere felis sed lacus.', '2023-03-07 09:56:53', '2022-06-24 21:12:13', 'Ethelred', 'Tadeas');
insert into article_comment (article_id, user_id, parent_comment_id, content, created_at, modified_at, created_by, modified_by) values (54, 'honey4', null, 'Vivamus vel nulla eget eros elementum pellentesque.', '2022-08-14 17:41:41', '2023-02-12 18:39:32', 'Meryl', 'Mavis');
insert into article_comment (article_id, user_id, parent_comment_id, content, created_at, modified_at, created_by, modified_by) values (23, 'honey2', null, 'Duis bibendum, felis sed interdum venenatis, turpis enim blandit mi, in porttitor pede justo eu massa.', '2022-05-12 18:06:01', '2022-12-21 13:25:35', 'Cami', 'Manfred');
insert into article_comment (article_id, user_id, parent_comment_id, content, created_at, modified_at, created_by, modified_by) values (39, 'honey3', null, 'Duis at velit eu est congue elementum. In hac habitasse platea dictumst.', '2023-04-18 22:43:59', '2022-11-27 18:16:37', 'Brittni', 'Catarina');
insert into article_comment (article_id, user_id, parent_comment_id, content, created_at, modified_at, created_by, modified_by) values (60, 'honey1', null, 'Vestibulum rutrum rutrum neque. Aenean auctor gravida sem.', '2023-02-22 17:22:11', '2022-09-01 19:50:34', 'Paquito', 'Norrie');
insert into article_comment (article_id, user_id, parent_comment_id, content, created_at, modified_at, created_by, modified_by) values (61, 'honey2', null, 'Nulla tempus.', '2022-11-02 03:49:12', '2022-05-31 17:15:51', 'Melloney', 'Farlay');
insert into article_comment (article_id, user_id, parent_comment_id, content, created_at, modified_at, created_by, modified_by) values (99, 'honey1', null, 'Integer a nibh.', '2022-10-04 03:18:55', '2022-06-11 21:52:12', 'Vic', 'Grantham');
insert into article_comment (article_id, user_id, parent_comment_id, content, created_at, modified_at, created_by, modified_by) values (99, 'honey5', null, 'Quisque ut erat.', '2022-05-12 21:51:48', '2023-03-30 05:29:19', 'Johnette', 'Madonna');
insert into article_comment (article_id, user_id, parent_comment_id, content, created_at, modified_at, created_by, modified_by) values (73, 'honey1', null, 'Maecenas rhoncus aliquam lacus. Morbi quis tortor id nulla ultrices aliquet.', '2023-04-19 00:15:11', '2022-09-27 04:31:23', 'Roshelle', 'Caspar');
insert into article_comment (article_id, user_id, parent_comment_id, content, created_at, modified_at, created_by, modified_by) values (29, 'honey1', null, 'Aenean sit amet justo.', '2023-03-29 01:13:03', '2022-07-28 02:02:19', 'Carver', 'Cleve');
insert into article_comment (article_id, user_id, parent_comment_id, content, created_at, modified_at, created_by, modified_by) values (46, 'honey2', null, 'Proin risus. Praesent lectus.', '2022-09-03 14:17:15', '2022-08-11 15:56:53', 'Hetti', 'Eleonore');
insert into article_comment (article_id, user_id, parent_comment_id, content, created_at, modified_at, created_by, modified_by) values (24, 'honey5', null, 'Proin leo odio, porttitor id, consequat in, consequat ut, nulla.', '2023-04-11 19:03:08', '2023-01-17 13:18:27', 'Rolph', 'Leeanne');
insert into article_comment (article_id, user_id, parent_comment_id, content, created_at, modified_at, created_by, modified_by) values (82, 'honey4', null, 'Duis bibendum. Morbi non quam nec dui luctus rutrum.', '2022-09-02 14:51:09', '2023-04-09 03:19:49', 'Rikki', 'Glory');
insert into article_comment (article_id, user_id, parent_comment_id, content, created_at, modified_at, created_by, modified_by) values (35, 'honey5', null, 'Nulla nisl. Nunc nisl.', '2023-02-16 13:57:08', '2022-11-28 17:04:36', 'Lorens', 'Homer');
insert into article_comment (article_id, user_id, parent_comment_id, content, created_at, modified_at, created_by, modified_by) values (16, 'honey4', null, 'Nam nulla. Integer pede justo, lacinia eget, tincidunt eget, tempus vel, pede.', '2023-02-27 23:01:19', '2023-04-23 20:39:03', 'Rodie', 'Valencia');
insert into article_comment (article_id, user_id, parent_comment_id, content, created_at, modified_at, created_by, modified_by) values (52, 'honey4', null, 'Integer aliquet, massa id lobortis convallis, tortor risus dapibus augue, vel accumsan tellus nisi eu orci. Mauris lacinia sapien quis libero.', '2022-08-01 13:11:24', '2022-05-01 09:07:53', 'Katey', 'Fran');
insert into article_comment (article_id, user_id, parent_comment_id, content, created_at, modified_at, created_by, modified_by) values (59, 'honey2', null, 'Duis consequat dui nec nisi volutpat eleifend.', '2023-04-05 10:12:01', '2022-08-29 07:22:21', 'Maryann', 'Anne');
insert into article_comment (article_id, user_id, parent_comment_id, content, created_at, modified_at, created_by, modified_by) values (35, 'honey1', null, 'Donec vitae nisi.', '2022-09-02 03:03:47', '2022-04-25 13:58:45', 'Gabbey', 'Nikolas');
insert into article_comment (article_id, user_id, parent_comment_id, content, created_at, modified_at, created_by, modified_by) values (8, 'honey5', null, 'Suspendisse potenti. Nullam porttitor lacus at turpis.', '2023-03-01 02:28:49', '2022-12-20 16:52:17', 'Kellia', 'Marilyn');
insert into article_comment (article_id, user_id, parent_comment_id, content, created_at, modified_at, created_by, modified_by) values (22, 'honey5', null, 'Morbi a ipsum. Integer a nibh.', '2023-01-10 06:24:56', '2022-12-02 13:19:06', 'Marrissa', 'Marcy');
insert into article_comment (article_id, user_id, parent_comment_id, content, created_at, modified_at, created_by, modified_by) values (31, 'honey1', null, 'Duis at velit eu est congue elementum. In hac habitasse platea dictumst.', '2023-01-15 03:21:14', '2023-02-26 08:54:18', 'Pru', 'Padget');
insert into article_comment (article_id, user_id, parent_comment_id, content, created_at, modified_at, created_by, modified_by) values (84, 'honey2', null, 'Praesent blandit lacinia erat.', '2022-07-22 12:27:11', '2022-06-02 15:16:23', 'Uriah', 'Wadsworth');
insert into article_comment (article_id, user_id, parent_comment_id, content, created_at, modified_at, created_by, modified_by) values (97, 'honey1', null, 'Donec odio justo, sollicitudin ut, suscipit a, feugiat et, eros.', '2022-08-04 22:49:17', '2022-09-02 05:14:09', 'Evangeline', 'Aldo');
insert into article_comment (article_id, user_id, parent_comment_id, content, created_at, modified_at, created_by, modified_by) values (48, 'honey2', null, 'Nulla mollis molestie lorem. Quisque ut erat.', '2022-08-09 04:18:54', '2022-11-04 03:16:06', 'Helena', 'Annice');
insert into article_comment (article_id, user_id, parent_comment_id, content, created_at, modified_at, created_by, modified_by) values (84, 'honey5', null, 'Proin risus. Praesent lectus.', '2022-10-14 16:24:25', '2022-07-17 09:58:21', 'Roy', 'Desmund');
insert into article_comment (article_id, user_id, parent_comment_id, content, created_at, modified_at, created_by, modified_by) values (47, 'honey3', null, 'Nulla suscipit ligula in lacus. Curabitur at ipsum ac tellus semper interdum.', '2022-11-03 14:40:13', '2022-07-19 18:22:57', 'Felicdad', 'Barrie');
insert into article_comment (article_id, user_id, parent_comment_id, content, created_at, modified_at, created_by, modified_by) values (95, 'honey2', null, 'Morbi non quam nec dui luctus rutrum. Nulla tellus.', '2023-02-20 01:39:08', '2022-08-18 08:58:58', 'Kristine', 'Naoma');
insert into article_comment (article_id, user_id, parent_comment_id, content, created_at, modified_at, created_by, modified_by) values (93, 'honey4', null, 'Lorem ipsum dolor sit amet, consectetuer adipiscing elit.', '2023-04-10 13:25:15', '2022-09-14 11:15:25', 'Estelle', 'Nike');
insert into article_comment (article_id, user_id, parent_comment_id, content, created_at, modified_at, created_by, modified_by) values (73, 'honey2', null, 'Nunc nisl. Duis bibendum, felis sed interdum venenatis, turpis enim blandit mi, in porttitor pede justo eu massa.', '2022-10-31 16:07:59', '2022-08-08 21:23:59', 'Philippine', 'Rossy');
insert into article_comment (article_id, user_id, parent_comment_id, content, created_at, modified_at, created_by, modified_by) values (38, 'honey3', null, 'Donec diam neque, vestibulum eget, vulputate ut, ultrices vel, augue.', '2022-12-26 12:36:14', '2022-07-26 11:51:49', 'Peta', 'Elisabeth');
insert into article_comment (article_id, user_id, parent_comment_id, content, created_at, modified_at, created_by, modified_by) values (11, 'honey2', null, 'Vestibulum sed magna at nunc commodo placerat. Praesent blandit.', '2022-11-03 22:46:56', '2022-08-28 20:05:36', 'Caryn', 'Alissa');
insert into article_comment (article_id, user_id, parent_comment_id, content, created_at, modified_at, created_by, modified_by) values (40, 'honey2', null, 'Donec posuere metus vitae ipsum.', '2023-02-05 23:12:29', '2022-08-05 21:10:32', 'Leoline', 'Lurline');
insert into article_comment (article_id, user_id, parent_comment_id, content, created_at, modified_at, created_by, modified_by) values (39, 'honey2', null, 'Duis ac nibh. Fusce lacus purus, aliquet at, feugiat non, pretium quis, lectus.', '2022-12-09 17:47:45', '2022-11-02 08:56:41', 'Florrie', 'Claudianus');
insert into article_comment (article_id, user_id, parent_comment_id, content, created_at, modified_at, created_by, modified_by) values (42, 'honey5', null, 'Morbi quis tortor id nulla ultrices aliquet. Maecenas leo odio, condimentum id, luctus nec, molestie sed, justo.', '2022-11-07 02:06:23', '2022-06-15 08:52:53', 'Celene', 'Damaris');
insert into article_comment (article_id, user_id, parent_comment_id, content, created_at, modified_at, created_by, modified_by) values (19, 'honey1', null, 'Lorem ipsum dolor sit amet, consectetuer adipiscing elit.', '2023-04-16 19:08:47', '2022-09-14 23:58:22', 'Louisette', 'Simone');
insert into article_comment (article_id, user_id, parent_comment_id, content, created_at, modified_at, created_by, modified_by) values (94, 'honey5', null, 'Vivamus tortor.', '2022-09-10 02:00:56', '2023-02-07 07:15:04', 'Raffaello', 'Selby');
insert into article_comment (article_id, user_id, parent_comment_id, content, created_at, modified_at, created_by, modified_by) values (14, 'honey5', null, 'Nam dui. Proin leo odio, porttitor id, consequat in, consequat ut, nulla.', '2022-05-06 00:22:35', '2022-11-07 02:23:49', 'Shelley', 'Elicia');
insert into article_comment (article_id, user_id, parent_comment_id, content, created_at, modified_at, created_by, modified_by) values (23, 'honey3', null, 'Vivamus tortor.', '2022-12-05 16:15:14', '2023-02-25 11:01:06', 'Adah', 'Lianna');
insert into article_comment (article_id, user_id, parent_comment_id, content, created_at, modified_at, created_by, modified_by) values (6, 'honey3', null, 'Aliquam sit amet diam in magna bibendum imperdiet. Nullam orci pede, venenatis non, sodales sed, tincidunt eu, felis.', '2022-06-24 08:17:16', '2022-09-17 19:36:50', 'Sam', 'Lorinda');
insert into article_comment (article_id, user_id, parent_comment_id, content, created_at, modified_at, created_by, modified_by) values (1, 'honey3', null, 'Cras in purus eu magna vulputate luctus. Cum sociis natoque penatibus et magnis dis parturient montes, nascetur ridiculus mus.', '2022-08-17 04:44:35', '2022-09-08 01:18:32', 'Arabella', 'Fan');
insert into article_comment (article_id, user_id, parent_comment_id, content, created_at, modified_at, created_by, modified_by) values (78, 'honey3', null, 'Suspendisse accumsan tortor quis turpis.', '2022-11-26 03:45:12', '2022-09-14 20:22:35', 'Alejandro', 'Lacey');
insert into article_comment (article_id, user_id, parent_comment_id, content, created_at, modified_at, created_by, modified_by) values (16, 'honey1', null, 'In hac habitasse platea dictumst. Aliquam augue quam, sollicitudin vitae, consectetuer eget, rutrum at, lorem.', '2023-03-31 04:07:04', '2022-11-03 11:50:33', 'Terrijo', 'Loretta');
insert into article_comment (article_id, user_id, parent_comment_id, content, created_at, modified_at, created_by, modified_by) values (15, 'honey4', null, 'Integer ac neque.', '2022-10-07 08:30:39', '2022-10-19 03:36:25', 'Edith', 'Camille');
insert into article_comment (article_id, user_id, parent_comment_id, content, created_at, modified_at, created_by, modified_by) values (52, 'honey4', null, 'In hac habitasse platea dictumst. Etiam faucibus cursus urna.', '2022-12-19 01:18:40', '2023-03-12 23:44:00', 'Mellisa', 'Mitchael');
insert into article_comment (article_id, user_id, parent_comment_id, content, created_at, modified_at, created_by, modified_by) values (97, 'honey5', null, 'Nullam porttitor lacus at turpis.', '2022-09-10 15:58:35', '2022-11-12 08:55:11', 'Anna-diana', 'Yolanthe');
insert into article_comment (article_id, user_id, parent_comment_id, content, created_at, modified_at, created_by, modified_by) values (65, 'honey3', null, 'Cras pellentesque volutpat dui.', '2023-02-07 09:28:18', '2022-07-22 17:37:50', 'Felicio', 'Adelbert');
insert into article_comment (article_id, user_id, parent_comment_id, content, created_at, modified_at, created_by, modified_by) values (20, 'honey5', null, 'Aliquam erat volutpat. In congue.', '2022-08-22 12:42:09', '2022-12-30 18:06:56', 'Hubert', 'Jarad');
insert into article_comment (article_id, user_id, parent_comment_id, content, created_at, modified_at, created_by, modified_by) values (99, 'honey1', null, 'Duis aliquam convallis nunc. Proin at turpis a pede posuere nonummy.', '2022-09-27 23:51:44', '2022-08-02 22:28:19', 'Eleanore', 'Stearne');
insert into article_comment (article_id, user_id, parent_comment_id, content, created_at, modified_at, created_by, modified_by) values (38, 'honey3', null, 'Cum sociis natoque penatibus et magnis dis parturient montes, nascetur ridiculus mus. Vivamus vestibulum sagittis sapien.', '2022-07-13 15:13:19', '2022-07-03 07:42:36', 'Mitch', 'Hugo');
insert into article_comment (article_id, user_id, parent_comment_id, content, created_at, modified_at, created_by, modified_by) values (16, 'honey4', null, 'Vivamus vel nulla eget eros elementum pellentesque.', '2022-11-09 22:14:05', '2022-08-16 09:55:27', 'Tammy', 'Patton');
insert into article_comment (article_id, user_id, parent_comment_id, content, created_at, modified_at, created_by, modified_by) values (44, 'honey3', null, 'Etiam faucibus cursus urna.', '2022-11-06 10:05:03', '2022-07-01 08:00:31', 'Rodd', 'Jo-ann');
insert into article_comment (article_id, user_id, parent_comment_id, content, created_at, modified_at, created_by, modified_by) values (44, 'honey1', null, 'Curabitur gravida nisi at nibh.', '2022-05-09 17:40:45', '2022-07-20 21:38:16', 'Mark', 'Titus');
insert into article_comment (article_id, user_id, parent_comment_id, content, created_at, modified_at, created_by, modified_by) values (91, 'honey5', null, 'Nunc rhoncus dui vel sem. Sed sagittis.', '2022-09-01 03:35:16', '2023-02-25 12:22:09', 'Letty', 'Clerissa');
insert into article_comment (article_id, user_id, parent_comment_id, content, created_at, modified_at, created_by, modified_by) values (42, 'honey4', null, 'Quisque arcu libero, rutrum ac, lobortis vel, dapibus at, diam.', '2022-10-22 03:52:40', '2022-08-08 18:28:41', 'Zorah', 'Hilda');
insert into article_comment (article_id, user_id, parent_comment_id, content, created_at, modified_at, created_by, modified_by) values (18, 'honey2', null, 'Vestibulum ante ipsum primis in faucibus orci luctus et ultrices posuere cubilia Curae; Mauris viverra diam vitae quam.', '2022-06-26 15:15:11', '2023-03-19 13:31:28', 'Christy', 'Maire');
insert into article_comment (article_id, user_id, parent_comment_id, content, created_at, modified_at, created_by, modified_by) values (35, 'honey1', null, 'Suspendisse accumsan tortor quis turpis. Sed ante.', '2022-11-17 18:27:51', '2022-08-29 22:41:29', 'Jack', 'Reynard');
insert into article_comment (article_id, user_id, parent_comment_id, content, created_at, modified_at, created_by, modified_by) values (35, 'honey3', null, 'Cras non velit nec nisi vulputate nonummy.', '2022-05-08 05:58:09', '2023-02-11 19:16:07', 'Torey', 'Tirrell');
insert into article_comment (article_id, user_id, parent_comment_id, content, created_at, modified_at, created_by, modified_by) values (17, 'honey1', null, 'Etiam vel augue.', '2022-08-09 04:23:22', '2022-05-14 12:33:44', 'Alfreda', 'Charles');
insert into article_comment (article_id, user_id, parent_comment_id, content, created_at, modified_at, created_by, modified_by) values (27, 'honey5', null, 'Aliquam erat volutpat. In congue.', '2023-02-23 08:07:38', '2022-07-20 00:06:34', 'Goldi', 'Emera');
insert into article_comment (article_id, user_id, parent_comment_id, content, created_at, modified_at, created_by, modified_by) values (56, 'honey4', null, 'Sed sagittis. Nam congue, risus semper porta volutpat, quam pede lobortis ligula, sit amet eleifend pede libero quis orci.', '2022-07-08 17:10:44', '2022-05-24 17:56:44', 'Peyton', 'Melessa');
insert into article_comment (article_id, user_id, parent_comment_id, content, created_at, modified_at, created_by, modified_by) values (14, 'honey3', null, 'Sed ante.', '2022-09-25 11:14:27', '2022-12-08 21:29:55', 'Esmaria', 'Josias');
insert into article_comment (article_id, user_id, parent_comment_id, content, created_at, modified_at, created_by, modified_by) values (35, 'honey3', null, 'Aenean fermentum. Donec ut mauris eget massa tempor convallis.', '2023-03-27 06:49:00', '2022-06-29 08:41:30', 'Mechelle', 'Gael');
insert into article_comment (article_id, user_id, parent_comment_id, content, created_at, modified_at, created_by, modified_by) values (98, 'honey2', null, 'Curabitur at ipsum ac tellus semper interdum. Mauris ullamcorper purus sit amet nulla.', '2023-03-06 12:43:30', '2023-04-10 00:53:52', 'Bendicty', 'Torr');
insert into article_comment (article_id, user_id, parent_comment_id, content, created_at, modified_at, created_by, modified_by) values (88, 'honey1', null, 'In hac habitasse platea dictumst. Etiam faucibus cursus urna.', '2022-09-07 04:58:22', '2023-02-06 04:53:56', 'Sawyere', 'Sonny');
insert into article_comment (article_id, user_id, parent_comment_id, content, created_at, modified_at, created_by, modified_by) values (54, 'honey4', null, 'Integer ac leo.', '2023-02-22 20:28:46', '2022-05-12 17:30:32', 'Felix', 'Rudolfo');
insert into article_comment (article_id, user_id, parent_comment_id, content, created_at, modified_at, created_by, modified_by) values (18, 'honey4', null, 'Nunc nisl.', '2022-09-03 04:23:03', '2023-01-09 17:07:26', 'Ingra', 'Faydra');
insert into article_comment (article_id, user_id, parent_comment_id, content, created_at, modified_at, created_by, modified_by) values (23, 'honey3', null, 'Duis at velit eu est congue elementum.', '2022-10-01 16:06:32', '2023-03-21 09:21:09', 'Ashlie', 'Wilma');
insert into article_comment (article_id, user_id, parent_comment_id, content, created_at, modified_at, created_by, modified_by) values (79, 'honey5', null, 'Lorem ipsum dolor sit amet, consectetuer adipiscing elit. Proin interdum mauris non ligula pellentesque ultrices.', '2022-05-04 12:00:32', '2022-06-19 04:58:54', 'Ximenes', 'Nathanil');
insert into article_comment (article_id, user_id, parent_comment_id, content, created_at, modified_at, created_by, modified_by) values (41, 'honey2', null, 'Integer aliquet, massa id lobortis convallis, tortor risus dapibus augue, vel accumsan tellus nisi eu orci.', '2023-03-14 08:26:07', '2022-08-14 10:30:43', 'Durand', 'Tobiah');
insert into article_comment (article_id, user_id, parent_comment_id, content, created_at, modified_at, created_by, modified_by) values (100, 'honey1', null, 'Curabitur gravida nisi at nibh. In hac habitasse platea dictumst.', '2022-06-21 17:54:44', '2023-02-15 08:47:08', 'Dewie', 'Noami');
insert into article_comment (article_id, user_id, parent_comment_id, content, created_at, modified_at, created_by, modified_by) values (74, 'honey3', null, 'In hac habitasse platea dictumst.', '2023-01-15 05:55:11', '2022-11-16 18:02:39', 'Sibley', 'Katina');
insert into article_comment (article_id, user_id, parent_comment_id, content, created_at, modified_at, created_by, modified_by) values (14, 'honey3', null, 'Quisque arcu libero, rutrum ac, lobortis vel, dapibus at, diam.', '2023-01-23 06:52:49', '2023-01-01 21:01:41', 'Jeffry', 'Hope');
insert into article_comment (article_id, user_id, parent_comment_id, content, created_at, modified_at, created_by, modified_by) values (93, 'honey1', null, 'Mauris sit amet eros.', '2022-10-04 13:09:37', '2022-06-01 00:30:40', 'Valery', 'Jacinta');
insert into article_comment (article_id, user_id, parent_comment_id, content, created_at, modified_at, created_by, modified_by) values (48, 'honey2', null, 'Aenean fermentum.', '2022-10-30 02:44:08', '2022-10-14 09:30:54', 'Bartie', 'Caterina');
insert into article_comment (article_id, user_id, parent_comment_id, content, created_at, modified_at, created_by, modified_by) values (66, 'honey3', null, 'Donec ut dolor.', '2023-04-22 19:40:01', '2022-07-13 06:23:56', 'Ozzy', 'Rochelle');
insert into article_comment (article_id, user_id, parent_comment_id, content, created_at, modified_at, created_by, modified_by) values (7, 'honey1', null, 'Morbi non quam nec dui luctus rutrum.', '2022-12-31 07:43:55', '2022-07-20 22:13:30', 'Gerek', 'Avery');
insert into article_comment (article_id, user_id, parent_comment_id, content, created_at, modified_at, created_by, modified_by) values (53, 'honey5', null, 'Etiam vel augue.', '2022-05-20 04:04:14', '2023-01-09 06:19:44', 'Herminia', 'Seline');
insert into article_comment (article_id, user_id, parent_comment_id, content, created_at, modified_at, created_by, modified_by) values (3, 'honey3', null, 'Nullam porttitor lacus at turpis.', '2023-02-07 00:19:09', '2022-09-25 09:48:45', 'Erinn', 'Karissa');
insert into article_comment (article_id, user_id, parent_comment_id, content, created_at, modified_at, created_by, modified_by) values (10, 'honey2', null, 'Nullam porttitor lacus at turpis. Donec posuere metus vitae ipsum.', '2022-07-20 12:48:48', '2022-12-27 05:12:14', 'Chet', 'Berkley');
insert into article_comment (article_id, user_id, parent_comment_id, content, created_at, modified_at, created_by, modified_by) values (17, 'honey4', null, 'Nulla suscipit ligula in lacus. Curabitur at ipsum ac tellus semper interdum.', '2023-04-05 01:56:18', '2022-06-18 23:55:43', 'Dario', 'Megan');
insert into article_comment (article_id, user_id, parent_comment_id, content, created_at, modified_at, created_by, modified_by) values (65, 'honey5', null, 'Proin interdum mauris non ligula pellentesque ultrices.', '2022-07-12 10:40:25', '2022-06-07 21:02:24', 'Nico', 'Chris');
insert into article_comment (article_id, user_id, parent_comment_id, content, created_at, modified_at, created_by, modified_by) values (10, 'honey1', null, 'Quisque porta volutpat erat.', '2022-05-24 17:08:19', '2022-08-13 00:07:42', 'Darbee', 'Salvatore');
insert into article_comment (article_id, user_id, parent_comment_id, content, created_at, modified_at, created_by, modified_by) values (38, 'honey4', null, 'Suspendisse potenti.', '2022-06-16 05:48:26', '2022-06-11 06:32:17', 'Trey', 'Giffer');
insert into article_comment (article_id, user_id, parent_comment_id, content, created_at, modified_at, created_by, modified_by) values (60, 'honey2', null, 'Donec vitae nisi.', '2022-11-15 15:00:26', '2022-06-18 21:28:15', 'Ryan', 'Field');
insert into article_comment (article_id, user_id, parent_comment_id, content, created_at, modified_at, created_by, modified_by) values (93, 'honey3', null, 'Maecenas pulvinar lobortis est. Phasellus sit amet erat.', '2023-01-29 12:03:54', '2022-07-17 03:15:53', 'Worthington', 'Shirlene');
insert into article_comment (article_id, user_id, parent_comment_id, content, created_at, modified_at, created_by, modified_by) values (36, 'honey5', null, 'In congue.', '2023-04-04 13:58:09', '2022-11-27 18:44:33', 'Barney', 'Loretta');
insert into article_comment (article_id, user_id, parent_comment_id, content, created_at, modified_at, created_by, modified_by) values (79, 'honey1', null, 'In hac habitasse platea dictumst. Maecenas ut massa quis augue luctus tincidunt.', '2022-07-23 18:31:11', '2023-01-08 10:14:59', 'Arlette', 'Bonnibelle');
insert into article_comment (article_id, user_id, parent_comment_id, content, created_at, modified_at, created_by, modified_by) values (86, 'honey3', null, 'Vestibulum quam sapien, varius ut, blandit non, interdum in, ante.', '2022-12-30 22:52:51', '2023-04-07 18:38:31', 'Dari', 'Karena');
insert into article_comment (article_id, user_id, parent_comment_id, content, created_at, modified_at, created_by, modified_by) values (55, 'honey4', null, 'Maecenas tristique, est et tempus semper, est quam pharetra magna, ac consequat metus sapien ut nunc. Vestibulum ante ipsum primis in faucibus orci luctus et ultrices posuere cubilia Curae; Mauris viverra diam vitae quam.', '2023-02-26 08:37:20', '2022-05-01 00:03:28', 'Vasily', 'Roman');
insert into article_comment (article_id, user_id, parent_comment_id, content, created_at, modified_at, created_by, modified_by) values (2, 'honey1', null, 'Morbi sem mauris, laoreet ut, rhoncus aliquet, pulvinar sed, nisl. Nunc rhoncus dui vel sem.', '2022-11-14 10:55:56', '2023-01-26 11:48:26', 'Kenneth', 'Kalle');
insert into article_comment (article_id, user_id, parent_comment_id, content, created_at, modified_at, created_by, modified_by) values (92, 'honey1', null, 'Maecenas rhoncus aliquam lacus. Morbi quis tortor id nulla ultrices aliquet.', '2022-09-17 18:17:21', '2022-07-05 12:49:14', 'Ursola', 'Lyndell');
insert into article_comment (article_id, user_id, parent_comment_id, content, created_at, modified_at, created_by, modified_by) values (16, 'honey1', null, 'Sed accumsan felis.', '2022-11-16 02:53:11', '2023-03-27 17:57:01', 'Jemie', 'Tyler');
insert into article_comment (article_id, user_id, parent_comment_id, content, created_at, modified_at, created_by, modified_by) values (42, 'honey2', null, 'Vestibulum ante ipsum primis in faucibus orci luctus et ultrices posuere cubilia Curae; Mauris viverra diam vitae quam.', '2022-08-04 20:59:45', '2023-01-27 17:49:19', 'Worthy', 'Wilone');
insert into article_comment (article_id, user_id, parent_comment_id, content, created_at, modified_at, created_by, modified_by) values (50, 'honey3', null, 'In congue. Etiam justo.', '2022-05-03 15:56:06', '2022-12-12 06:46:02', 'Imogen', 'Jaclin');
insert into article_comment (article_id, user_id, parent_comment_id, content, created_at, modified_at, created_by, modified_by) values (34, 'honey2', null, 'Quisque id justo sit amet sapien dignissim vestibulum. Vestibulum ante ipsum primis in faucibus orci luctus et ultrices posuere cubilia Curae; Nulla dapibus dolor vel est.', '2023-03-25 08:21:10', '2022-07-15 02:48:12', 'Maribel', 'Garv');
insert into article_comment (article_id, user_id, parent_comment_id, content, created_at, modified_at, created_by, modified_by) values (49, 'honey4', null, 'Maecenas tristique, est et tempus semper, est quam pharetra magna, ac consequat metus sapien ut nunc. Vestibulum ante ipsum primis in faucibus orci luctus et ultrices posuere cubilia Curae; Mauris viverra diam vitae quam.', '2022-05-08 21:03:21', '2022-07-26 17:41:19', 'Estel', 'Merle');
insert into article_comment (article_id, user_id, parent_comment_id, content, created_at, modified_at, created_by, modified_by) values (84, 'honey3', null, 'Morbi non lectus.', '2022-09-05 02:34:02', '2023-03-19 00:57:40', 'Reube', 'Gunner');
insert into article_comment (article_id, user_id, parent_comment_id, content, created_at, modified_at, created_by, modified_by) values (69, 'honey2', null, 'Ut at dolor quis odio consequat varius. Integer ac leo.', '2023-02-20 04:00:12', '2023-03-22 17:08:20', 'Cortie', 'Jennette');
insert into article_comment (article_id, user_id, parent_comment_id, content, created_at, modified_at, created_by, modified_by) values (37, 'honey4', null, 'Nullam porttitor lacus at turpis. Donec posuere metus vitae ipsum.', '2023-03-06 00:46:44', '2022-04-26 22:19:46', 'Shanie', 'Lanita');
insert into article_comment (article_id, user_id, parent_comment_id, content, created_at, modified_at, created_by, modified_by) values (29, 'honey3', null, 'Morbi non quam nec dui luctus rutrum. Nulla tellus.', '2022-11-22 11:50:33', '2022-12-26 14:37:11', 'Beau', 'Bay');
insert into article_comment (article_id, user_id, parent_comment_id, content, created_at, modified_at, created_by, modified_by) values (4, 'honey3', null, 'In quis justo. Maecenas rhoncus aliquam lacus.', '2023-04-20 14:55:22', '2022-10-22 15:21:03', 'Reg', 'Far');
insert into article_comment (article_id, user_id, parent_comment_id, content, created_at, modified_at, created_by, modified_by) values (77, 'honey2', null, 'Donec dapibus.', '2023-03-27 05:45:03', '2023-03-28 12:02:11', 'Alvis', 'Liliane');
insert into article_comment (article_id, user_id, parent_comment_id, content, created_at, modified_at, created_by, modified_by) values (15, 'honey5', null, 'Phasellus id sapien in sapien iaculis congue. Vivamus metus arcu, adipiscing molestie, hendrerit at, vulputate vitae, nisl.', '2022-05-01 18:37:32', '2022-05-17 06:05:26', 'Andriana', 'Hilda');
insert into article_comment (article_id, user_id, parent_comment_id, content, created_at, modified_at, created_by, modified_by) values (9, 'honey4', null, 'Phasellus id sapien in sapien iaculis congue.', '2022-07-12 13:06:24', '2022-11-28 05:40:57', 'Issiah', 'Giovanna');
insert into article_comment (article_id, user_id, parent_comment_id, content, created_at, modified_at, created_by, modified_by) values (90, 'honey2', null, 'Phasellus id sapien in sapien iaculis congue.', '2022-06-28 21:29:05', '2023-02-20 12:01:37', 'Ignaz', 'Raine');
insert into article_comment (article_id, user_id, parent_comment_id, content, created_at, modified_at, created_by, modified_by) values (64, 'honey5', null, 'In blandit ultrices enim. Lorem ipsum dolor sit amet, consectetuer adipiscing elit.', '2022-09-22 05:34:42', '2022-05-05 09:37:37', 'Hobey', 'Eugine');
insert into article_comment (article_id, user_id, parent_comment_id, content, created_at, modified_at, created_by, modified_by) values (43, 'honey5', null, 'Phasellus id sapien in sapien iaculis congue.', '2022-07-01 19:40:27', '2022-12-24 02:21:40', 'Gabriellia', 'Kristan');
insert into article_comment (article_id, user_id, parent_comment_id, content, created_at, modified_at, created_by, modified_by) values (15, 'honey5', null, 'Morbi a ipsum.', '2022-06-30 13:12:40', '2023-02-13 00:55:30', 'Beverie', 'Benjy');
insert into article_comment (article_id, user_id, parent_comment_id, content, created_at, modified_at, created_by, modified_by) values (61, 'honey1', null, 'Curabitur gravida nisi at nibh. In hac habitasse platea dictumst.', '2022-06-17 05:36:17', '2022-09-18 02:46:50', 'Aguste', 'Reynolds');
insert into article_comment (article_id, user_id, parent_comment_id, content, created_at, modified_at, created_by, modified_by) values (73, 'honey5', null, 'Morbi a ipsum.', '2022-11-22 17:11:11', '2022-05-01 08:30:46', 'Tammara', 'Gratiana');
insert into article_comment (article_id, user_id, parent_comment_id, content, created_at, modified_at, created_by, modified_by) values (58, 'honey1', null, 'Morbi vel lectus in quam fringilla rhoncus.', '2022-11-08 22:39:00', '2022-11-13 03:52:15', 'Bevon', 'Spense');
insert into article_comment (article_id, user_id, parent_comment_id, content, created_at, modified_at, created_by, modified_by) values (43, 'honey4', null, 'Sed sagittis.', '2022-12-31 01:47:37', '2022-10-12 08:03:18', 'Clem', 'Lib');
insert into article_comment (article_id, user_id, parent_comment_id, content, created_at, modified_at, created_by, modified_by) values (5, 'honey1', null, 'Sed sagittis. Nam congue, risus semper porta volutpat, quam pede lobortis ligula, sit amet eleifend pede libero quis orci.', '2022-09-17 07:36:24', '2022-12-04 01:36:11', 'Melli', 'Kristoforo');
insert into article_comment (article_id, user_id, parent_comment_id, content, created_at, modified_at, created_by, modified_by) values (69, 'honey2', null, 'Etiam justo. Etiam pretium iaculis justo.', '2022-05-26 14:04:20', '2023-04-04 20:31:47', 'Silvanus', 'Beverley');
insert into article_comment (article_id, user_id, parent_comment_id, content, created_at, modified_at, created_by, modified_by) values (42, 'honey1', null, 'Nam nulla. Integer pede justo, lacinia eget, tincidunt eget, tempus vel, pede.', '2022-06-13 00:26:55', '2023-04-08 03:09:38', 'Maitilde', 'Salli');
insert into article_comment (article_id, user_id, parent_comment_id, content, created_at, modified_at, created_by, modified_by) values (77, 'honey4', null, 'Vivamus tortor.', '2022-07-15 11:42:44', '2023-02-01 20:14:34', 'George', 'Clair');
insert into article_comment (article_id, user_id, parent_comment_id, content, created_at, modified_at, created_by, modified_by) values (46, 'honey1', null, 'Nullam porttitor lacus at turpis.', '2022-09-02 23:24:33', '2022-07-01 10:30:41', 'Delcina', 'Barris');
insert into article_comment (article_id, user_id, parent_comment_id, content, created_at, modified_at, created_by, modified_by) values (10, 'honey2', null, 'Sed vel enim sit amet nunc viverra dapibus. Nulla suscipit ligula in lacus.', '2022-07-30 13:48:22', '2022-05-22 12:06:42', 'Mort', 'Hesther');
insert into article_comment (article_id, user_id, parent_comment_id, content, created_at, modified_at, created_by, modified_by) values (83, 'honey5', null, 'Sed sagittis. Nam congue, risus semper porta volutpat, quam pede lobortis ligula, sit amet eleifend pede libero quis orci.', '2022-09-15 02:11:18', '2022-07-22 13:44:45', 'Poppy', 'Catlee');
insert into article_comment (article_id, user_id, parent_comment_id, content, created_at, modified_at, created_by, modified_by) values (12, 'honey3', null, 'Pellentesque viverra pede ac diam.', '2022-12-10 06:55:42', '2022-07-26 11:48:12', 'Sunny', 'Betsey');
insert into article_comment (article_id, user_id, parent_comment_id, content, created_at, modified_at, created_by, modified_by) values (96, 'honey4', null, 'Nunc rhoncus dui vel sem. Sed sagittis.', '2023-02-16 19:28:55', '2022-09-30 08:28:25', 'Harriet', 'Barbe');
insert into article_comment (article_id, user_id, parent_comment_id, content, created_at, modified_at, created_by, modified_by) values (58, 'honey3', null, 'Pellentesque ultrices mattis odio. Donec vitae nisi.', '2023-03-09 02:44:17', '2022-08-26 12:11:33', 'Didi', 'Blondie');
insert into article_comment (article_id, user_id, parent_comment_id, content, created_at, modified_at, created_by, modified_by) values (79, 'honey4', null, 'Donec dapibus. Duis at velit eu est congue elementum.', '2022-06-03 04:46:18', '2022-09-13 20:48:54', 'Wilek', 'Rheba');
insert into article_comment (article_id, user_id, parent_comment_id, content, created_at, modified_at, created_by, modified_by) values (42, 'honey5', null, 'In congue.', '2023-02-14 23:38:50', '2023-03-28 04:41:37', 'Bathsheba', 'Emmalynn');
insert into article_comment (article_id, user_id, parent_comment_id, content, created_at, modified_at, created_by, modified_by) values (80, 'honey1', null, 'Donec posuere metus vitae ipsum. Aliquam non mauris.', '2022-06-17 02:10:33', '2023-01-23 04:29:29', 'Charissa', 'Issiah');
insert into article_comment (article_id, user_id, parent_comment_id, content, created_at, modified_at, created_by, modified_by) values (92, 'honey1', null, 'Donec odio justo, sollicitudin ut, suscipit a, feugiat et, eros.', '2022-07-05 09:10:21', '2023-02-14 15:26:45', 'Rosaline', 'Thedrick');
insert into article_comment (article_id, user_id, parent_comment_id, content, created_at, modified_at, created_by, modified_by) values (96, 'honey4', null, 'Phasellus id sapien in sapien iaculis congue. Vivamus metus arcu, adipiscing molestie, hendrerit at, vulputate vitae, nisl.', '2022-08-21 15:30:32', '2023-02-17 16:08:37', 'Aldridge', 'Hussein');
insert into article_comment (article_id, user_id, parent_comment_id, content, created_at, modified_at, created_by, modified_by) values (36, 'honey4', null, 'Nulla neque libero, convallis eget, eleifend luctus, ultricies eu, nibh.', '2022-09-16 23:43:46', '2022-09-26 02:52:50', 'Heinrik', 'Tannie');
insert into article_comment (article_id, user_id, parent_comment_id, content, created_at, modified_at, created_by, modified_by) values (81, 'honey2', null, 'Sed accumsan felis. Ut at dolor quis odio consequat varius.', '2023-03-30 10:36:05', '2023-01-06 14:50:31', 'Tiffy', 'Nelson');
insert into article_comment (article_id, user_id, parent_comment_id, content, created_at, modified_at, created_by, modified_by) values (77, 'honey2', null, 'Nulla facilisi.', '2022-10-16 12:54:14', '2022-10-27 18:01:09', 'Viviene', 'Arlyn');
insert into article_comment (article_id, user_id, parent_comment_id, content, created_at, modified_at, created_by, modified_by) values (100, 'honey1', null, 'Etiam pretium iaculis justo. In hac habitasse platea dictumst.', '2023-01-25 19:09:00', '2023-02-26 11:44:09', 'Wilow', 'Inger');
insert into article_comment (article_id, user_id, parent_comment_id, content, created_at, modified_at, created_by, modified_by) values (7, 'honey2', null, 'Sed vel enim sit amet nunc viverra dapibus.', '2023-03-18 06:26:11', '2022-05-12 22:40:53', 'Reuven', 'Dorotea');
insert into article_comment (article_id, user_id, parent_comment_id, content, created_at, modified_at, created_by, modified_by) values (52, 'honey4', null, 'Ut at dolor quis odio consequat varius.', '2022-05-03 20:10:05', '2022-10-13 15:17:27', 'Alexandrina', 'Aurilia');
insert into article_comment (article_id, user_id, parent_comment_id, content, created_at, modified_at, created_by, modified_by) values (77, 'honey4', null, 'Suspendisse potenti.', '2022-07-18 03:23:37', '2022-10-19 11:54:51', 'Beatrice', 'Marwin');
insert into article_comment (article_id, user_id, parent_comment_id, content, created_at, modified_at, created_by, modified_by) values (52, 'honey3', null, 'Quisque erat eros, viverra eget, congue eget, semper rutrum, nulla.', '2022-05-28 14:53:34', '2023-03-03 16:47:37', 'Ody', 'Evaleen');
insert into article_comment (article_id, user_id, parent_comment_id, content, created_at, modified_at, created_by, modified_by) values (72, 'honey1', null, 'Fusce lacus purus, aliquet at, feugiat non, pretium quis, lectus.', '2022-05-31 17:56:11', '2022-08-25 07:15:18', 'Ros', 'Maison');
insert into article_comment (article_id, user_id, parent_comment_id, content, created_at, modified_at, created_by, modified_by) values (34, 'honey4', null, 'Donec posuere metus vitae ipsum. Aliquam non mauris.', '2022-11-30 18:42:01', '2022-12-03 01:44:29', 'Dot', 'Rutherford');
insert into article_comment (article_id, user_id, parent_comment_id, content, created_at, modified_at, created_by, modified_by) values (8, 'honey2', null, 'Praesent blandit lacinia erat. Vestibulum sed magna at nunc commodo placerat.', '2023-04-20 18:12:36', '2022-06-04 14:02:07', 'Lelah', 'Margeaux');
insert into article_comment (article_id, user_id, parent_comment_id, content, created_at, modified_at, created_by, modified_by) values (79, 'honey4', null, 'Sed sagittis.', '2023-02-20 05:05:50', '2023-01-26 21:01:53', 'Sanson', 'Rina');
insert into article_comment (article_id, user_id, parent_comment_id, content, created_at, modified_at, created_by, modified_by) values (62, 'honey1', null, 'Nulla tempus. Vivamus in felis eu sapien cursus vestibulum.', '2022-07-01 17:46:57', '2022-08-03 01:45:37', 'Lindi', 'Maribeth');
insert into article_comment (article_id, user_id, parent_comment_id, content, created_at, modified_at, created_by, modified_by) values (9, 'honey2', null, 'Nulla facilisi. Cras non velit nec nisi vulputate nonummy.', '2022-09-24 20:33:28', '2022-08-04 02:29:14', 'Alexandra', 'Dianemarie');
insert into article_comment (article_id, user_id, parent_comment_id, content, created_at, modified_at, created_by, modified_by) values (52, 'honey3', null, 'Vivamus vel nulla eget eros elementum pellentesque.', '2022-11-27 14:46:52', '2023-04-24 21:06:53', 'Octavius', 'Hugibert');
insert into article_comment (article_id, user_id, parent_comment_id, content, created_at, modified_at, created_by, modified_by) values (26, 'honey1', null, 'Fusce congue, diam id ornare imperdiet, sapien urna pretium nisl, ut volutpat sapien arcu sed augue.', '2022-05-08 23:47:58', '2023-01-21 21:49:52', 'Brian', 'Berkeley');
insert into article_comment (article_id, user_id, parent_comment_id, content, created_at, modified_at, created_by, modified_by) values (92, 'honey1', null, 'Morbi quis tortor id nulla ultrices aliquet.', '2022-05-30 04:33:13', '2022-12-31 13:42:45', 'Jerrylee', 'Benjy');
insert into article_comment (article_id, user_id, parent_comment_id, content, created_at, modified_at, created_by, modified_by) values (13, 'honey2', null, 'Nam congue, risus semper porta volutpat, quam pede lobortis ligula, sit amet eleifend pede libero quis orci.', '2022-10-01 20:40:50', '2022-11-11 12:52:48', 'Gwenny', 'Josy');
insert into article_comment (article_id, user_id, parent_comment_id, content, created_at, modified_at, created_by, modified_by) values (78, 'honey2', null, 'Donec posuere metus vitae ipsum. Aliquam non mauris.', '2022-04-25 23:52:29', '2022-12-03 20:05:38', 'Florrie', 'Vassili');
insert into article_comment (article_id, user_id, parent_comment_id, content, created_at, modified_at, created_by, modified_by) values (60, 'honey2', null, 'Fusce lacus purus, aliquet at, feugiat non, pretium quis, lectus. Suspendisse potenti.', '2022-07-30 11:44:04', '2022-07-10 14:01:06', 'Myca', 'Marylin');
insert into article_comment (article_id, user_id, parent_comment_id, content, created_at, modified_at, created_by, modified_by) values (74, 'honey4', null, 'Proin eu mi.', '2023-04-20 02:20:02', '2022-12-12 08:41:15', 'Ronda', 'John');
insert into article_comment (article_id, user_id, parent_comment_id, content, created_at, modified_at, created_by, modified_by) values (98, 'honey2', null, 'Nulla suscipit ligula in lacus.', '2022-08-03 08:26:20', '2022-09-05 19:38:17', 'Tannie', 'Claudia');
insert into article_comment (article_id, user_id, parent_comment_id, content, created_at, modified_at, created_by, modified_by) values (30, 'honey1', null, 'Donec diam neque, vestibulum eget, vulputate ut, ultrices vel, augue.', '2022-11-21 04:36:08', '2023-03-27 10:55:18', 'Phoebe', 'Chrotoem');
insert into article_comment (article_id, user_id, parent_comment_id, content, created_at, modified_at, created_by, modified_by) values (66, 'honey1', null, 'Etiam vel augue. Vestibulum rutrum rutrum neque.', '2022-11-06 12:54:01', '2022-07-20 13:42:57', 'Leighton', 'Rafi');
insert into article_comment (article_id, user_id, parent_comment_id, content, created_at, modified_at, created_by, modified_by) values (55, 'honey1', null, 'Morbi sem mauris, laoreet ut, rhoncus aliquet, pulvinar sed, nisl. Nunc rhoncus dui vel sem.', '2023-01-27 20:17:34', '2023-03-02 19:00:22', 'Kyle', 'Nanni');
insert into article_comment (article_id, user_id, parent_comment_id, content, created_at, modified_at, created_by, modified_by) values (59, 'honey3', null, 'Nunc nisl.', '2022-10-14 08:24:56', '2022-10-10 16:07:32', 'Ugo', 'Lucais');
insert into article_comment (article_id, user_id, parent_comment_id, content, created_at, modified_at, created_by, modified_by) values (27, 'honey5', null, 'Curabitur convallis. Duis consequat dui nec nisi volutpat eleifend.', '2023-03-02 03:31:40', '2023-01-09 04:26:18', 'Brandy', 'Tommie');
insert into article_comment (article_id, user_id, parent_comment_id, content, created_at, modified_at, created_by, modified_by) values (74, 'honey3', null, 'Duis bibendum, felis sed interdum venenatis, turpis enim blandit mi, in porttitor pede justo eu massa. Donec dapibus.', '2022-08-19 09:58:33', '2022-09-14 18:09:25', 'Grant', 'Selby');
insert into article_comment (article_id, user_id, parent_comment_id, content, created_at, modified_at, created_by, modified_by) values (59, 'honey5', null, 'Nulla tempus. Vivamus in felis eu sapien cursus vestibulum.', '2022-05-11 00:14:32', '2022-08-11 14:59:33', 'Nicoli', 'Trevor');
insert into article_comment (article_id, user_id, parent_comment_id, content, created_at, modified_at, created_by, modified_by) values (20, 'honey1', null, 'Donec quis orci eget orci vehicula condimentum.', '2022-12-08 18:13:30', '2022-12-07 13:26:39', 'Batholomew', 'Bing');
insert into article_comment (article_id, user_id, parent_comment_id, content, created_at, modified_at, created_by, modified_by) values (62, 'honey3', null, 'Suspendisse potenti.', '2022-08-10 01:49:10', '2022-08-14 16:11:49', 'Savina', 'Arleyne');
insert into article_comment (article_id, user_id, parent_comment_id, content, created_at, modified_at, created_by, modified_by) values (9, 'honey1', null, 'Proin leo odio, porttitor id, consequat in, consequat ut, nulla. Sed accumsan felis.', '2022-07-16 21:13:37', '2022-11-04 19:16:40', 'Marshall', 'Odella');
insert into article_comment (article_id, user_id, parent_comment_id, content, created_at, modified_at, created_by, modified_by) values (16, 'honey3', null, 'Nulla tempus.', '2022-07-22 18:09:18', '2022-10-17 07:16:23', 'Teodoor', 'Tisha');
insert into article_comment (article_id, user_id, parent_comment_id, content, created_at, modified_at, created_by, modified_by) values (73, 'honey4', null, 'In hac habitasse platea dictumst. Morbi vestibulum, velit id pretium iaculis, diam erat fermentum justo, nec condimentum neque sapien placerat ante.', '2023-03-23 18:51:26', '2022-11-25 02:22:55', 'Dalt', 'Dawn');
insert into article_comment (article_id, user_id, parent_comment_id, content, created_at, modified_at, created_by, modified_by) values (81, 'honey3', null, 'Vestibulum ante ipsum primis in faucibus orci luctus et ultrices posuere cubilia Curae; Mauris viverra diam vitae quam.', '2022-06-22 17:59:25', '2022-12-15 09:59:21', 'Augusta', 'Llywellyn');
insert into article_comment (article_id, user_id, parent_comment_id, content, created_at, modified_at, created_by, modified_by) values (9, 'honey2', null, 'Praesent blandit lacinia erat. Vestibulum sed magna at nunc commodo placerat.', '2023-01-05 05:33:26', '2023-02-09 21:28:40', 'Kaleena', 'Cathie');
insert into article_comment (article_id, user_id, parent_comment_id, content, created_at, modified_at, created_by, modified_by) values (33, 'honey4', null, 'Vivamus in felis eu sapien cursus vestibulum. Proin eu mi.', '2022-11-27 17:04:46', '2022-07-06 19:05:08', 'Loretta', 'Todd');
insert into article_comment (article_id, user_id, parent_comment_id, content, created_at, modified_at, created_by, modified_by) values (25, 'honey3', null, 'In hac habitasse platea dictumst. Maecenas ut massa quis augue luctus tincidunt.', '2022-11-21 11:39:45', '2022-11-30 13:04:37', 'Marlena', 'Danny');
insert into article_comment (article_id, user_id, parent_comment_id, content, created_at, modified_at, created_by, modified_by) values (76, 'honey4', null, 'Aliquam erat volutpat. In congue.', '2022-08-24 17:24:39', '2023-03-21 03:02:48', 'Adelind', 'Anderson');
insert into article_comment (article_id, user_id, parent_comment_id, content, created_at, modified_at, created_by, modified_by) values (74, 'honey4', null, 'Morbi non lectus. Aliquam sit amet diam in magna bibendum imperdiet.', '2022-07-19 05:45:41', '2022-11-04 04:15:15', 'Sly', 'Raul');
insert into article_comment (article_id, user_id, parent_comment_id, content, created_at, modified_at, created_by, modified_by) values (98, 'honey5', null, 'Aenean auctor gravida sem.', '2022-04-25 00:34:34', '2023-01-28 04:14:48', 'Devland', 'Glori');
insert into article_comment (article_id, user_id, parent_comment_id, content, created_at, modified_at, created_by, modified_by) values (95, 'honey3', null, 'Suspendisse potenti.', '2023-01-08 09:20:12', '2023-02-07 14:33:41', 'Natale', 'Stu');
insert into article_comment (article_id, user_id, parent_comment_id, content, created_at, modified_at, created_by, modified_by) values (23, 'honey4', null, 'Quisque porta volutpat erat.', '2023-02-09 12:09:44', '2022-05-06 11:22:57', 'Shaylah', 'Wyatt');
insert into article_comment (article_id, user_id, parent_comment_id, content, created_at, modified_at, created_by, modified_by) values (31, 'honey3', null, 'Maecenas ut massa quis augue luctus tincidunt. Nulla mollis molestie lorem.', '2022-06-19 15:22:03', '2022-08-21 10:55:42', 'Ree', 'Antin');
insert into article_comment (article_id, user_id, parent_comment_id, content, created_at, modified_at, created_by, modified_by) values (17, 'honey3', null, 'Sed accumsan felis. Ut at dolor quis odio consequat varius.', '2022-12-08 16:13:40', '2022-04-30 03:14:51', 'Bellina', 'Jamie');
insert into article_comment (article_id, user_id, parent_comment_id, content, created_at, modified_at, created_by, modified_by) values (24, 'honey4', null, 'Vestibulum ante ipsum primis in faucibus orci luctus et ultrices posuere cubilia Curae; Mauris viverra diam vitae quam.', '2022-11-21 00:44:22', '2023-02-22 13:03:51', 'Homer', 'Alissa');
insert into article_comment (article_id, user_id, parent_comment_id, content, created_at, modified_at, created_by, modified_by) values (75, 'honey3', null, 'Morbi quis tortor id nulla ultrices aliquet. Maecenas leo odio, condimentum id, luctus nec, molestie sed, justo.', '2023-01-16 23:16:27', '2023-03-12 12:19:18', 'Wes', 'Shelba');
insert into article_comment (article_id, user_id, parent_comment_id, content, created_at, modified_at, created_by, modified_by) values (28, 'honey4', null, 'Praesent lectus. Vestibulum quam sapien, varius ut, blandit non, interdum in, ante.', '2022-10-16 15:12:36', '2023-04-07 19:03:40', 'Stearne', 'Michelle');
insert into article_comment (article_id, user_id, parent_comment_id, content, created_at, modified_at, created_by, modified_by) values (62, 'honey5', null, 'Morbi porttitor lorem id ligula. Suspendisse ornare consequat lectus.', '2022-11-20 13:55:05', '2022-09-30 03:49:05', 'Leonie', 'Linette');
insert into article_comment (article_id, user_id, parent_comment_id, content, created_at, modified_at, created_by, modified_by) values (89, 'honey1', null, 'Morbi odio odio, elementum eu, interdum eu, tincidunt in, leo. Maecenas pulvinar lobortis est.', '2022-10-31 10:47:57', '2023-03-29 05:39:31', 'Birgitta', 'Darill');
insert into article_comment (article_id, user_id, parent_comment_id, content, created_at, modified_at, created_by, modified_by) values (38, 'honey1', null, 'Vivamus in felis eu sapien cursus vestibulum. Proin eu mi.', '2022-08-22 20:01:15', '2022-09-24 02:19:29', 'Saunders', 'Lana');
insert into article_comment (article_id, user_id, parent_comment_id, content, created_at, modified_at, created_by, modified_by) values (84, 'honey2', null, 'Nulla tempus. Vivamus in felis eu sapien cursus vestibulum.', '2022-09-07 10:21:07', '2022-11-20 18:53:26', 'Kriste', 'Demetria');
insert into article_comment (article_id, user_id, parent_comment_id, content, created_at, modified_at, created_by, modified_by) values (96, 'honey1', null, 'Duis consequat dui nec nisi volutpat eleifend.', '2022-10-25 03:31:09', '2022-04-28 17:59:45', 'Orville', 'Leanor');
insert into article_comment (article_id, user_id, parent_comment_id, content, created_at, modified_at, created_by, modified_by) values (18, 'honey1', null, 'Duis bibendum. Morbi non quam nec dui luctus rutrum.', '2023-03-05 22:26:16', '2023-04-12 11:29:44', 'Octavia', 'Lucilia');
insert into article_comment (article_id, user_id, parent_comment_id, content, created_at, modified_at, created_by, modified_by) values (83, 'honey5', null, 'In est risus, auctor sed, tristique in, tempus sit amet, sem. Fusce consequat.', '2022-09-17 02:15:28', '2023-04-04 13:52:03', 'Ingrim', 'Corene');
insert into article_comment (article_id, user_id, parent_comment_id, content, created_at, modified_at, created_by, modified_by) values (66, 'honey1', null, 'Morbi non quam nec dui luctus rutrum. Nulla tellus.', '2023-04-07 19:46:46', '2022-12-05 23:52:59', 'Valentijn', 'Kaia');
insert into article_comment (article_id, user_id, parent_comment_id, content, created_at, modified_at, created_by, modified_by) values (6, 'honey2', null, 'Proin leo odio, porttitor id, consequat in, consequat ut, nulla. Sed accumsan felis.', '2022-10-25 11:58:14', '2023-01-23 03:34:55', 'Pieter', 'Raphael');
insert into article_comment (article_id, user_id, parent_comment_id, content, created_at, modified_at, created_by, modified_by) values (20, 'honey3', null, 'Duis aliquam convallis nunc. Proin at turpis a pede posuere nonummy.', '2023-02-25 18:24:41', '2022-11-11 20:23:27', 'Ivette', 'Rollo');
insert into article_comment (article_id, user_id, parent_comment_id, content, created_at, modified_at, created_by, modified_by) values (72, 'honey5', null, 'Ut tellus. Nulla ut erat id mauris vulputate elementum.', '2023-03-18 16:14:43', '2023-02-10 06:32:57', 'Arden', 'Mathilda');
insert into article_comment (article_id, user_id, parent_comment_id, content, created_at, modified_at, created_by, modified_by) values (54, 'honey4', null, 'Quisque arcu libero, rutrum ac, lobortis vel, dapibus at, diam.', '2023-02-25 11:32:31', '2022-05-23 21:54:48', 'Maire', 'Rafaellle');
insert into article_comment (article_id, user_id, parent_comment_id, content, created_at, modified_at, created_by, modified_by) values (5, 'honey2', null, 'Etiam pretium iaculis justo. In hac habitasse platea dictumst.', '2022-09-07 04:22:23', '2023-01-25 21:09:32', 'Ingrim', 'Domingo');
insert into article_comment (article_id, user_id, parent_comment_id, content, created_at, modified_at, created_by, modified_by) values (61, 'honey4', null, 'Nam congue, risus semper porta volutpat, quam pede lobortis ligula, sit amet eleifend pede libero quis orci.', '2022-07-15 04:11:16', '2022-11-25 23:44:31', 'Torey', 'Melita');
insert into article_comment (article_id, user_id, parent_comment_id, content, created_at, modified_at, created_by, modified_by) values (13, 'honey4', null, 'Praesent lectus. Vestibulum quam sapien, varius ut, blandit non, interdum in, ante.', '2023-01-30 02:39:44', '2022-04-30 19:29:38', 'Antonius', 'Aleece');
insert into article_comment (article_id, user_id, parent_comment_id, content, created_at, modified_at, created_by, modified_by) values (91, 'honey2', null, 'Morbi quis tortor id nulla ultrices aliquet. Maecenas leo odio, condimentum id, luctus nec, molestie sed, justo.', '2022-09-06 05:16:17', '2023-02-04 16:02:00', 'Adelheid', 'Zarla');
insert into article_comment (article_id, user_id, parent_comment_id, content, created_at, modified_at, created_by, modified_by) values (3, 'honey3', null, 'Vivamus vestibulum sagittis sapien. Cum sociis natoque penatibus et magnis dis parturient montes, nascetur ridiculus mus.', '2022-05-25 21:34:29', '2022-12-20 17:54:18', 'Rutherford', 'Hazlett');
insert into article_comment (article_id, user_id, parent_comment_id, content, created_at, modified_at, created_by, modified_by) values (55, 'honey3', null, 'Donec diam neque, vestibulum eget, vulputate ut, ultrices vel, augue.', '2023-03-09 00:40:57', '2023-01-29 14:43:18', 'Grayce', 'Pedro');
insert into article_comment (article_id, user_id, parent_comment_id, content, created_at, modified_at, created_by, modified_by) values (11, 'honey5', null, 'Pellentesque at nulla.', '2022-10-02 15:31:50', '2023-02-05 10:13:46', 'Rorie', 'Bat');
insert into article_comment (article_id, user_id, parent_comment_id, content, created_at, modified_at, created_by, modified_by) values (6, 'honey4', null, 'Vivamus vel nulla eget eros elementum pellentesque. Quisque porta volutpat erat.', '2023-01-23 10:20:39', '2022-10-04 21:42:52', 'Frasquito', 'Freddy');
insert into article_comment (article_id, user_id, parent_comment_id, content, created_at, modified_at, created_by, modified_by) values (67, 'honey4', null, 'In sagittis dui vel nisl.', '2023-01-20 19:01:56', '2023-01-22 22:16:46', 'Karlis', 'Jaynell');
insert into article_comment (article_id, user_id, parent_comment_id, content, created_at, modified_at, created_by, modified_by) values (57, 'honey2', null, 'Maecenas pulvinar lobortis est. Phasellus sit amet erat.', '2023-02-19 13:14:28', '2023-03-28 21:17:03', 'Kimberlyn', 'Demetris');
insert into article_comment (article_id, user_id, parent_comment_id, content, created_at, modified_at, created_by, modified_by) values (18, 'honey5', null, 'Etiam justo.', '2022-07-12 11:53:18', '2023-03-14 00:17:56', 'Carolee', 'Eada');
insert into article_comment (article_id, user_id, parent_comment_id, content, created_at, modified_at, created_by, modified_by) values (78, 'honey1', null, 'Aenean sit amet justo. Morbi ut odio.', '2022-05-20 22:13:02', '2022-07-28 21:20:17', 'Geoffry', 'Reena');
insert into article_comment (article_id, user_id, parent_comment_id, content, created_at, modified_at, created_by, modified_by) values (31, 'honey1', null, 'Suspendisse potenti. Nullam porttitor lacus at turpis.', '2022-10-07 21:05:05', '2022-06-19 03:13:35', 'Salomi', 'Iolande');
insert into article_comment (article_id, user_id, parent_comment_id, content, created_at, modified_at, created_by, modified_by) values (51, 'honey2', null, 'Lorem ipsum dolor sit amet, consectetuer adipiscing elit. Proin interdum mauris non ligula pellentesque ultrices.', '2022-07-29 14:06:05', '2022-11-02 04:21:15', 'Mildred', 'Muhammad');
insert into article_comment (article_id, user_id, parent_comment_id, content, created_at, modified_at, created_by, modified_by) values (14, 'honey3', null, 'Aenean sit amet justo. Morbi ut odio.', '2022-09-07 13:18:45', '2023-04-18 01:38:59', 'Duke', 'Byram');
insert into article_comment (article_id, user_id, parent_comment_id, content, created_at, modified_at, created_by, modified_by) values (92, 'honey5', null, 'Proin eu mi. Nulla ac enim.', '2022-09-14 23:59:43', '2022-11-23 11:47:02', 'Shelagh', 'Melva');
insert into article_comment (article_id, user_id, parent_comment_id, content, created_at, modified_at, created_by, modified_by) values (6, 'honey3', null, 'Cras non velit nec nisi vulputate nonummy. Maecenas tincidunt lacus at velit.', '2023-01-02 21:22:07', '2022-12-07 10:37:06', 'Nelly', 'Bettina');
insert into article_comment (article_id, user_id, parent_comment_id, content, created_at, modified_at, created_by, modified_by) values (35, 'honey2', null, 'Cum sociis natoque penatibus et magnis dis parturient montes, nascetur ridiculus mus. Vivamus vestibulum sagittis sapien.', '2023-01-15 08:04:47', '2022-06-15 10:27:09', 'Ford', 'Pasquale');
insert into article_comment (article_id, user_id, parent_comment_id, content, created_at, modified_at, created_by, modified_by) values (33, 'honey1', null, 'Duis mattis egestas metus. Aenean fermentum.', '2022-10-20 13:36:40', '2023-01-12 21:39:10', 'Cybil', 'Helaine');
insert into article_comment (article_id, user_id, parent_comment_id, content, created_at, modified_at, created_by, modified_by) values (16, 'honey2', null, 'Aenean fermentum.', '2022-05-01 19:04:01', '2022-06-24 11:12:42', 'Amie', 'Morrie');
insert into article_comment (article_id, user_id, parent_comment_id, content, created_at, modified_at, created_by, modified_by) values (88, 'honey2', null, 'Vivamus vestibulum sagittis sapien.', '2022-12-01 07:24:58', '2022-12-30 11:11:52', 'Audi', 'Carolus');
insert into article_comment (article_id, user_id, parent_comment_id, content, created_at, modified_at, created_by, modified_by) values (2, 'honey4', null, 'Integer a nibh.', '2023-01-04 04:55:13', '2022-05-12 09:31:57', 'Batsheva', 'Cordelia');
insert into article_comment (article_id, user_id, parent_comment_id, content, created_at, modified_at, created_by, modified_by) values (25, 'honey1', null, 'Nam ultrices, libero non mattis pulvinar, nulla pede ullamcorper augue, a suscipit nulla elit ac nulla.', '2022-09-09 03:17:36', '2022-07-08 01:39:46', 'Noreen', 'Ari');
insert into article_comment (article_id, user_id, parent_comment_id, content, created_at, modified_at, created_by, modified_by) values (47, 'honey4', null, 'Donec quis orci eget orci vehicula condimentum. Curabitur in libero ut massa volutpat convallis.', '2023-02-15 01:49:58', '2022-09-05 03:14:48', 'Eloisa', 'Tiertza');
insert into article_comment (article_id, user_id, parent_comment_id, content, created_at, modified_at, created_by, modified_by) values (4, 'honey3', null, 'Pellentesque ultrices mattis odio. Donec vitae nisi.', '2023-02-06 09:48:39', '2022-11-12 19:47:21', 'Venus', 'Charlie');
insert into article_comment (article_id, user_id, parent_comment_id, content, created_at, modified_at, created_by, modified_by) values (27, 'honey4', null, 'Vestibulum sed magna at nunc commodo placerat. Praesent blandit.', '2022-07-03 20:20:59', '2023-03-22 01:14:49', 'Colas', 'Amos');
insert into article_comment (article_id, user_id, parent_comment_id, content, created_at, modified_at, created_by, modified_by) values (73, 'honey4', null, 'Aenean sit amet justo.', '2022-08-24 13:36:49', '2022-11-04 08:27:10', 'Piper', 'Amanda');
insert into article_comment (article_id, user_id, parent_comment_id, content, created_at, modified_at, created_by, modified_by) values (99, 'honey5', null, 'Nulla tempus. Vivamus in felis eu sapien cursus vestibulum.', '2022-09-13 22:26:03', '2023-03-09 13:27:17', 'Adelaida', 'Diana');
insert into article_comment (article_id, user_id, parent_comment_id, content, created_at, modified_at, created_by, modified_by) values (38, 'honey4', null, 'Aliquam erat volutpat.', '2023-02-12 14:31:22', '2022-08-10 17:48:21', 'Aleen', 'Eva');
insert into article_comment (article_id, user_id, parent_comment_id, content, created_at, modified_at, created_by, modified_by) values (54, 'honey1', null, 'Nulla justo.', '2023-02-22 09:39:56', '2022-10-08 18:30:34', 'Julienne', 'Lambert');
insert into article_comment (article_id, user_id, parent_comment_id, content, created_at, modified_at, created_by, modified_by) values (12, 'honey2', null, 'Nulla mollis molestie lorem. Quisque ut erat.', '2022-07-13 02:13:03', '2023-04-15 22:10:04', 'Cheston', 'Anabella');
insert into article_comment (article_id, user_id, parent_comment_id, content, created_at, modified_at, created_by, modified_by) values (90, 'honey2', null, 'Proin risus.', '2023-02-02 05:35:17', '2023-01-09 12:56:08', 'Celinka', 'Jazmin');
insert into article_comment (article_id, user_id, parent_comment_id, content, created_at, modified_at, created_by, modified_by) values (35, 'honey5', null, 'Proin interdum mauris non ligula pellentesque ultrices. Phasellus id sapien in sapien iaculis congue.', '2023-04-13 00:36:06', '2023-04-23 23:30:51', 'Kelci', 'Gerhardine');
insert into article_comment (article_id, user_id, parent_comment_id, content, created_at, modified_at, created_by, modified_by) values (40, 'honey4', null, 'Nulla facilisi. Cras non velit nec nisi vulputate nonummy.', '2022-05-08 14:03:10', '2022-08-17 14:12:49', 'Royal', 'Elfrida');
insert into article_comment (article_id, user_id, parent_comment_id, content, created_at, modified_at, created_by, modified_by) values (16, 'honey1', null, 'Fusce posuere felis sed lacus. Morbi sem mauris, laoreet ut, rhoncus aliquet, pulvinar sed, nisl.', '2022-08-03 08:16:18', '2022-09-24 03:55:26', 'Rochella', 'Bessy');
insert into article_comment (article_id, user_id, parent_comment_id, content, created_at, modified_at, created_by, modified_by) values (30, 'honey2', null, 'Etiam vel augue. Vestibulum rutrum rutrum neque.', '2022-12-11 00:31:43', '2022-10-28 04:06:37', 'Giacinta', 'Derril');
insert into article_comment (article_id, user_id, parent_comment_id, content, created_at, modified_at, created_by, modified_by) values (84, 'honey3', null, 'Phasellus in felis. Donec semper sapien a libero.', '2023-03-09 12:10:31', '2023-01-11 16:34:52', 'Emmery', 'Ethelbert');
insert into article_comment (article_id, user_id, parent_comment_id, content, created_at, modified_at, created_by, modified_by) values (85, 'honey5', null, 'Suspendisse potenti.', '2023-02-17 08:30:25', '2022-06-28 02:38:28', 'Stephan', 'Englebert');

insert into article_comment (article_id, user_id, parent_comment_id, content, created_at, modified_at, created_by, modified_by) values (1, 'honey5', 1, 'Suspendisse accumsan tortor quis turpis.', '2022-10-30 15:14:04', '2022-07-22 17:58:17', 'Coletta', 'Fanchon');
insert into article_comment (article_id, user_id, parent_comment_id, content, created_at, modified_at, created_by, modified_by) values (1, 'honey4', 1, 'Donec dapibus.', '2022-08-08 05:13:29', '2022-09-10 10:51:38', 'Nial', 'Alexine');

insert into hashtag (hashtag_name, created_at, created_by, modified_at, modified_by) values ('Goldenrod1', '2022-08-20 08:43:34', 'Yu', '2023-05-02 21:35:44', 'Garnham');
insert into hashtag (hashtag_name, created_at, created_by, modified_at, modified_by) values ('Fuscia1', '2022-07-30 12:03:05', 'Ashlee', '2022-12-26 06:54:54', 'Barreau');
insert into hashtag (hashtag_name, created_at, created_by, modified_at, modified_by) values ('Red1', '2023-01-18 06:58:52', 'Hintzer', '2022-06-23 01:44:54', 'Felten');
insert into hashtag (hashtag_name, created_at, created_by, modified_at, modified_by) values ('Yellow', '2022-08-20 12:03:52', 'Krzysztof', '2022-06-14 11:26:14', 'Beverage');
insert into hashtag (hashtag_name, created_at, created_by, modified_at, modified_by) values ('Goldenrod2', '2022-12-19 11:14:48', 'Gockelen', '2022-07-22 02:33:45', 'Okill');
insert into hashtag (hashtag_name, created_at, created_by, modified_at, modified_by) values ('Fuscia2', '2023-04-19 11:11:08', 'Micheu', '2022-05-10 21:23:59', 'Cowwell');
insert into hashtag (hashtag_name, created_at, created_by, modified_at, modified_by) values ('Purple', '2022-05-25 14:44:16', 'Pescod', '2022-07-25 14:12:04', 'Jarvie');
insert into hashtag (hashtag_name, created_at, created_by, modified_at, modified_by) values ('Puce', '2023-04-03 05:34:29', 'Yeandel', '2022-05-15 17:36:52', 'Akester');
insert into hashtag (hashtag_name, created_at, created_by, modified_at, modified_by) values ('Khaki', '2023-03-29 04:54:44', 'Giovanazzi', '2023-03-09 07:42:23', 'Spoerl');
insert into hashtag (hashtag_name, created_at, created_by, modified_at, modified_by) values ('Pink', '2022-05-14 00:42:53', 'Camus', '2023-04-17 03:20:15', 'Maslen');
insert into hashtag (hashtag_name, created_at, created_by, modified_at, modified_by) values ('Turquoise', '2022-10-28 17:21:53', 'Place', '2022-07-08 18:02:24', 'Sherry');
insert into hashtag (hashtag_name, created_at, created_by, modified_at, modified_by) values ('Indigo1', '2022-12-26 21:08:12', 'Reisen', '2022-05-21 07:27:09', 'Lowell');
insert into hashtag (hashtag_name, created_at, created_by, modified_at, modified_by) values ('Red2', '2023-03-17 19:58:19', 'Ferriday', '2022-09-05 01:48:08', 'Bazelle');
insert into hashtag (hashtag_name, created_at, created_by, modified_at, modified_by) values ('Teal', '2023-02-23 06:41:53', 'Salvatore', '2022-09-08 21:41:37', 'Peat');
insert into hashtag (hashtag_name, created_at, created_by, modified_at, modified_by) values ('Green1', '2022-11-07 14:26:23', 'Gorges', '2022-10-09 04:40:05', 'Hamnett');
insert into hashtag (hashtag_name, created_at, created_by, modified_at, modified_by) values ('Maroon', '2022-05-28 01:36:14', 'Alben', '2022-07-07 05:13:11', 'Le Marchand');
insert into hashtag (hashtag_name, created_at, created_by, modified_at, modified_by) values ('Green2', '2022-05-23 10:03:04', 'Alesbrook', '2023-04-16 10:54:12', 'Furman');
insert into hashtag (hashtag_name, created_at, created_by, modified_at, modified_by) values ('Indigo2', '2022-05-27 02:33:57', 'Pladen', '2022-08-18 07:59:42', 'Crotch');
insert into hashtag (hashtag_name, created_at, created_by, modified_at, modified_by) values ('Aquamarine', '2023-01-21 03:22:07', 'Capes', '2022-08-17 06:23:19', 'Castro');
insert into hashtag (hashtag_name, created_at, created_by, modified_at, modified_by) values ('honey', '2023-01-09 17:48:43', 'Speer', '2022-06-09 17:10:05', 'Badland');

insert into article_hashtag (article_id, hashtag_id) values (60, 10);
insert into article_hashtag (article_id, hashtag_id) values (30, 3);
insert into article_hashtag (article_id, hashtag_id) values (11, 15);
insert into article_hashtag (article_id, hashtag_id) values (68, 14);
insert into article_hashtag (article_id, hashtag_id) values (14, 20);
insert into article_hashtag (article_id, hashtag_id) values (86, 16);
insert into article_hashtag (article_id, hashtag_id) values (90, 16);
insert into article_hashtag (article_id, hashtag_id) values (90, 4);
insert into article_hashtag (article_id, hashtag_id) values (87, 12);
insert into article_hashtag (article_id, hashtag_id) values (60, 20);
insert into article_hashtag (article_id, hashtag_id) values (46, 13);
insert into article_hashtag (article_id, hashtag_id) values (76, 10);
insert into article_hashtag (article_id, hashtag_id) values (4, 6);
insert into article_hashtag (article_id, hashtag_id) values (43, 8);
insert into article_hashtag (article_id, hashtag_id) values (58, 6);
insert into article_hashtag (article_id, hashtag_id) values (74, 6);
insert into article_hashtag (article_id, hashtag_id) values (77, 18);
insert into article_hashtag (article_id, hashtag_id) values (34, 1);
insert into article_hashtag (article_id, hashtag_id) values (99, 15);
insert into article_hashtag (article_id, hashtag_id) values (38, 9);
insert into article_hashtag (article_id, hashtag_id) values (15, 1);
insert into article_hashtag (article_id, hashtag_id) values (87, 11);
insert into article_hashtag (article_id, hashtag_id) values (3, 14);
insert into article_hashtag (article_id, hashtag_id) values (8, 18);
insert into article_hashtag (article_id, hashtag_id) values (81, 15);
insert into article_hashtag (article_id, hashtag_id) values (62, 5);
insert into article_hashtag (article_id, hashtag_id) values (62, 3);
insert into article_hashtag (article_id, hashtag_id) values (13, 20);
insert into article_hashtag (article_id, hashtag_id) values (17, 18);
insert into article_hashtag (article_id, hashtag_id) values (52, 1);
insert into article_hashtag (article_id, hashtag_id) values (35, 9);
insert into article_hashtag (article_id, hashtag_id) values (69, 15);
insert into article_hashtag (article_id, hashtag_id) values (79, 16);
insert into article_hashtag (article_id, hashtag_id) values (72, 15);
insert into article_hashtag (article_id, hashtag_id) values (100, 10);
insert into article_hashtag (article_id, hashtag_id) values (29, 14);
insert into article_hashtag (article_id, hashtag_id) values (96, 4);
insert into article_hashtag (article_id, hashtag_id) values (55, 7);
insert into article_hashtag (article_id, hashtag_id) values (9, 18);
insert into article_hashtag (article_id, hashtag_id) values (13, 17);
insert into article_hashtag (article_id, hashtag_id) values (85, 10);
insert into article_hashtag (article_id, hashtag_id) values (55, 5);
insert into article_hashtag (article_id, hashtag_id) values (53, 7);
insert into article_hashtag (article_id, hashtag_id) values (63, 19);
insert into article_hashtag (article_id, hashtag_id) values (86, 11);
insert into article_hashtag (article_id, hashtag_id) values (22, 16);
insert into article_hashtag (article_id, hashtag_id) values (54, 14);
insert into article_hashtag (article_id, hashtag_id) values (38, 16);
insert into article_hashtag (article_id, hashtag_id) values (59, 17);
insert into article_hashtag (article_id, hashtag_id) values (20, 5);
insert into article_hashtag (article_id, hashtag_id) values (78, 14);
insert into article_hashtag (article_id, hashtag_id) values (57, 2);
insert into article_hashtag (article_id, hashtag_id) values (25, 12);
insert into article_hashtag (article_id, hashtag_id) values (31, 10);
insert into article_hashtag (article_id, hashtag_id) values (12, 14);
insert into article_hashtag (article_id, hashtag_id) values (43, 14);
insert into article_hashtag (article_id, hashtag_id) values (64, 19);
insert into article_hashtag (article_id, hashtag_id) values (84, 2);
insert into article_hashtag (article_id, hashtag_id) values (56, 20);
insert into article_hashtag (article_id, hashtag_id) values (11, 19);
insert into article_hashtag (article_id, hashtag_id) values (18, 14);
insert into article_hashtag (article_id, hashtag_id) values (75, 5);
insert into article_hashtag (article_id, hashtag_id) values (19, 6);
insert into article_hashtag (article_id, hashtag_id) values (34, 16);
insert into article_hashtag (article_id, hashtag_id) values (62, 10);
insert into article_hashtag (article_id, hashtag_id) values (83, 7);
insert into article_hashtag (article_id, hashtag_id) values (78, 9);
insert into article_hashtag (article_id, hashtag_id) values (21, 6);
insert into article_hashtag (article_id, hashtag_id) values (1, 3);
insert into article_hashtag (article_id, hashtag_id) values (61, 10);
insert into article_hashtag (article_id, hashtag_id) values (97, 3);
insert into article_hashtag (article_id, hashtag_id) values (25, 14);
insert into article_hashtag (article_id, hashtag_id) values (65, 5);
insert into article_hashtag (article_id, hashtag_id) values (61, 15);
insert into article_hashtag (article_id, hashtag_id) values (42, 4);
insert into article_hashtag (article_id, hashtag_id) values (47, 12);
insert into article_hashtag (article_id, hashtag_id) values (52, 14);
insert into article_hashtag (article_id, hashtag_id) values (31, 5);
insert into article_hashtag (article_id, hashtag_id) values (73, 1);
insert into article_hashtag (article_id, hashtag_id) values (31, 6);
insert into article_hashtag (article_id, hashtag_id) values (36, 15);
insert into article_hashtag (article_id, hashtag_id) values (45, 15);
insert into article_hashtag (article_id, hashtag_id) values (17, 17);
insert into article_hashtag (article_id, hashtag_id) values (1, 8);
insert into article_hashtag (article_id, hashtag_id) values (7, 19);
insert into article_hashtag (article_id, hashtag_id) values (92, 6);
insert into article_hashtag (article_id, hashtag_id) values (73, 17);
insert into article_hashtag (article_id, hashtag_id) values (2, 14);
insert into article_hashtag (article_id, hashtag_id) values (91, 15);
insert into article_hashtag (article_id, hashtag_id) values (3, 2);
insert into article_hashtag (article_id, hashtag_id) values (85, 13);
insert into article_hashtag (article_id, hashtag_id) values (83, 8);
insert into article_hashtag (article_id, hashtag_id) values (14, 2);
insert into article_hashtag (article_id, hashtag_id) values (42, 7);
insert into article_hashtag (article_id, hashtag_id) values (94, 17);
insert into article_hashtag (article_id, hashtag_id) values (43, 7);
insert into article_hashtag (article_id, hashtag_id) values (21, 16);
insert into article_hashtag (article_id, hashtag_id) values (54, 7);